claim_id	patient_id	age	gender	visit_date	diagnosis_code	drug_cost	test_cost	total_cost	claim_flag
2025010001	P10040	45	女	2025/1/1	K21.9	189.8	273.85	463.65	0
2025010002	P10197	42	女	2025/1/2	M54.5	294.2	315.97	610.17	0
2025010003	P10106	42	男	2025/1/3	H10.9	108.34	268.12	376.46	0
2025010004	P10301	65	女	2025/1/4	J06.9	162.31	179.69	342	1
2025010005	P10302	30	男	2025/1/5	J06.9	73.43	187.27	260.7	0
2025010006	P10085	25	男	2025/1/6	H10.9	133.54	274.83	408.37	0
2025010007	P10220	78	男	2025/1/8	I10	347.88	374.95	722.84	1
2025010008	P10195	66	女	2025/1/9	E11.9	607.72	434.27	1041.99	1
2025010009	P10027	29	女	2025/1/10	R51	127.57	233.91	361.48	0
2025010010	P10127	70	男	2025/1/11	I20	464.69	627.57	1092.26	1
2025010011	P10112	25	男	2025/1/12	J06.9	69.95	160.75	230.7	0
2025010012	P10084	29	男	2025/1/14	R51	104.72	145.39	250.11	0
2025010013	P10303	62	男	2025/1/15	I10	375.32	541.87	917.19	1
2025010014	P10304	20	男	2025/1/16	K21.9	211.4	187.39	398.79	0
2025010015	P10175	39	女	2025/1/17	I10	282.59	444.83	727.42	1
2025010016	P10305	23	男	2025/1/18	J06.9	112.89	268.18	381.07	0
2025010017	P10248	20	女	2025/1/19	J06.9	119.32	196.65	315.96	0
2025010018	P10306	68	女	2025/1/20	I20	561.95	778.73	1340.69	1
2025010019	P10307	55	女	2025/1/21	I20	601.53	647.26	1248.79	1
2025010020	P10006	20	女	2025/1/22	J06.9	62.2	133.44	195.64	0
2025010021	P10244	66	女	2025/1/23	M54.5	280.43	518.2	798.63	1
2025010022	P10157	41	男	2025/1/24	M54.5	224.92	412.75	637.67	0
2025010023	P10233	56	女	2025/1/28	E11.9	391.88	350.06	741.94	1
2025010024	P10095	50	女	2025/1/29	I20	575.11	612.1	1187.2	1
2025010025	P10052	20	男	2025/1/30	H10.9	90.66	183.72	274.38	0
2025010026	P10024	39	男	2025/1/31	R51	154.56	253.34	407.9	0
2025020027	P10007	20	男	2025/2/1	N94.6	132.25	259.28	391.53	0
2025020028	P10308	37	男	2025/2/2	H10.9	106.43	158.7	265.12	0
2025020029	P10289	27	女	2025/2/3	R51	101.46	175.06	276.52	0
2025020030	P10116	36	女	2025/2/4	K21.9	202.92	374.07	576.98	0
2025020031	P10292	35	女	2025/2/5	M54.5	265.13	436.82	701.95	0
2025020032	P10042	82	男	2025/2/6	I10	284.06	390.25	674.31	0
2025020033	P10150	59	女	2025/2/7	I10	282.09	421.37	703.47	1
2025020034	P10136	27	女	2025/2/8	K21.9	227.91	310.64	538.56	0
2025020035	P10077	37	男	2025/2/9	L30.9	107.95	109.05	217	0
2025020036	P10292	20	女	2025/2/10	L30.9	77.71	153.27	230.99	0
2025020037	P10277	39	男	2025/2/11	J06.9	57.75	107.43	165.19	0
2025020038	P10047	45	女	2025/2/12	I20	548.23	777.11	1325.34	1
2025020039	P10138	20	女	2025/2/13	N94.6	158.68	211.53	370.21	0
2025020040	P10300	38	男	2025/2/14	J06.9	130.11	290.87	420.98	1
2025020041	P10054	44	女	2025/2/15	H10.9	105.15	259.13	364.28	0
2025020042	P10162	66	女	2025/2/17	I20	478.2	826.89	1305.09	1
2025020043	P10278	32	女	2025/2/18	J06.9	53.2	195.54	248.74	0
2025020044	P10027	61	女	2025/2/19	I20	563.38	860.02	1423.4	1
2025020045	P10123	22	男	2025/2/20	M54.5	193.06	275.49	468.55	0
2025020046	P10309	25	女	2025/2/21	R51	152.41	160.11	312.53	0
2025020047	P10213	20	男	2025/2/22	H10.9	133.76	167.9	301.66	0
2025020048	P10310	51	男	2025/2/23	H10.9	104.8	283.27	388.07	0
2025020049	P10311	36	女	2025/2/27	H10.9	118.18	244.01	362.19	0
2025020050	P10171	20	女	2025/2/28	N94.6	138.91	261.96	400.87	0
2025030051	P10293	41	女	2025/3/1	J06.9	136.28	183.07	319.35	0
2025030052	P10312	31	女	2025/3/2	R51	171.17	236.65	407.83	0
2025030053	P10303	44	男	2025/3/5	E11.9	331.59	478.39	809.98	1
2025030054	P10210	34	女	2025/3/7	L30.9	114.65	107.89	222.54	0
2025030055	P10204	60	男	2025/3/8	M54.5	352.39	517.52	869.9	0
2025030056	P10250	38	女	2025/3/9	L30.9	61.53	109.16	170.69	0
2025030057	P10223	22	女	2025/3/12	R51	160.19	232.58	392.77	0
2025030058	P10015	56	男	2025/3/13	I10	387.97	419.05	807.02	1
2025030059	P10290	49	女	2025/3/14	M54.5	194.38	350.09	544.47	0
2025030060	P10255	39	男	2025/3/15	L30.9	68.24	168.33	236.57	0
2025030061	P10239	20	女	2025/3/16	L30.9	90.59	111.33	201.92	0
2025030062	P10218	42	女	2025/3/17	M54.5	243.78	364.03	607.81	0
2025030063	P10196	20	女	2025/3/18	N94.6	141.73	358.68	500.42	0
2025030064	P10290	20	女	2025/3/23	H10.9	121.03	266.44	387.47	0
2025030065	P10313	49	女	2025/3/24	K21.9	192.82	376.6	569.42	0
2025030066	P10071	65	男	2025/3/25	M54.5	372.02	482.93	854.94	1
2025030067	P10068	59	女	2025/3/26	I10	283.63	574.05	857.68	1
2025030068	P10188	36	女	2025/3/27	N94.6	187.52	358.77	546.29	0
2025030069	P10152	44	男	2025/3/28	K21.9	204.82	227.49	432.32	0
2025030070	P10314	26	女	2025/3/29	R51	167.83	190.53	358.35	0
2025030071	P10233	60	女	2025/3/30	E11.9	535.98	387.68	923.65	1
2025030072	P10120	65	女	2025/3/31	J06.9	125.95	324.71	450.66	1
2025040073	P10238	24	男	2025/4/1	L30.9	71.88	148.34	220.23	0
2025040074	P10315	80	男	2025/4/5	I20	609.01	739.91	1348.92	1
2025040075	P10080	20	男	2025/4/10	L30.9	89.37	202.55	291.91	0
2025040076	P10190	73	男	2025/4/14	I20	569.61	665.02	1234.64	1
2025040077	P10184	61	男	2025/4/18	I10	281.97	652.46	934.43	1
2025040078	P10109	40	男	2025/4/19	M54.5	269.43	304.27	573.7	0
2025040079	P10290	65	女	2025/4/20	I20	636.71	749.55	1386.25	1
2025040080	P10076	20	男	2025/4/21	K21.9	215.46	229.91	445.37	0
2025040081	P10057	41	男	2025/4/25	M54.5	155.93	304.49	460.42	0
2025040082	P10090	60	男	2025/4/26	E11.9	364.86	422.61	787.47	1
2025040083	P10186	64	男	2025/4/27	J06.9	68.21	224.86	293.07	0
2025040084	P10267	47	男	2025/4/28	E11.9	476.96	316.95	793.91	1
2025040085	P10056	20	女	2025/4/29	J06.9	126.87	103.23	230.1	0
2025040086	P10141	37	女	2025/4/30	M54.5	263.07	435.79	698.86	0
2025050087	P10259	35	女	2025/5/1	N94.6	107.17	331.85	439.02	0
2025050088	P10111	41	女	2025/5/2	J06.9	139.5	183.68	323.18	0
2025050089	P10161	24	女	2025/5/3	J06.9	107.19	160.87	268.06	0
2025050090	P10044	66	女	2025/5/5	I10	247.82	589.45	837.28	1
2025050091	P10288	28	男	2025/5/6	N94.6	156.98	265.23	422.21	0
2025050092	P10316	55	男	2025/5/11	R51	172.04	217.95	390	0
2025050093	P10115	20	女	2025/5/12	H10.9	94.06	210.1	304.15	0
2025050094	P10220	23	男	2025/5/13	H10.9	135.62	249.58	385.2	0
2025050095	P10137	55	女	2025/5/14	I10	273.75	568.38	842.13	1
2025050096	P10074	20	女	2025/5/15	N94.6	126.07	205.54	331.61	0
2025050097	P10111	59	女	2025/5/16	E11.9	452.69	362.97	815.66	1
2025050098	P10317	28	男	2025/5/17	L30.9	65.17	200.38	265.55	0
2025050099	P10218	35	女	2025/5/18	J06.9	91.85	150.77	242.62	0
2025050100	P10146	41	男	2025/5/19	M54.5	269.97	407.41	677.38	0
2025050101	P10318	50	男	2025/5/20	I20	618.52	766.72	1385.23	1
2025050102	P10255	34	男	2025/5/21	K21.9	171.06	267.76	438.82	0
2025050103	P10319	55	女	2025/5/22	I10	400.28	336.14	736.42	0
2025050104	P10294	20	男	2025/5/26	J06.9	102.61	142.11	244.73	0
2025050105	P10320	26	女	2025/5/29	H10.9	134.28	151.79	286.07	0
2025050106	P10269	64	女	2025/5/30	I10	419	586.59	1005.59	1
2025050107	P10059	43	女	2025/5/31	N94.6	121.18	360.57	481.76	0
2025060108	P10075	66	女	2025/6/3	I20	491.21	616.82	1108.03	1
2025060109	P10321	40	女	2025/6/4	J06.9	106.37	215.89	322.27	0
2025060110	P10320	53	女	2025/6/5	E11.9	578.02	386.84	964.86	1
2025060111	P10141	20	女	2025/6/6	N94.6	121.67	193.35	315.03	0
2025060112	P10147	59	男	2025/6/7	I10	408.27	609.46	1017.73	1
2025060113	P10284	39	男	2025/6/8	R51	173.02	155.37	328.4	0
2025060114	P10310	84	男	2025/6/9	J06.9	79.41	137.1	216.5	0
2025060115	P10044	31	女	2025/6/10	J06.9	64.23	142.82	207.05	0
2025060116	P10082	59	男	2025/6/11	E11.9	579.79	413.34	993.13	1
2025060117	P10172	59	女	2025/6/12	I10	239.7	551.35	791.04	1
2025060118	P10309	20	女	2025/6/13	L30.9	72	168.67	240.67	0
2025060119	P10322	73	女	2025/6/14	I10	398.16	379.11	777.27	1
2025060120	P10066	56	女	2025/6/15	M54.5	341.06	483.58	824.63	0
2025060121	P10217	50	女	2025/6/16	J06.9	54.41	169.86	224.28	0
2025060122	P10099	55	女	2025/6/17	I20	459.58	562.39	1021.96	1
2025060123	P10270	76	男	2025/6/18	I10	315.48	625.27	940.75	1
2025060124	P10320	20	女	2025/6/19	H10.9	82.43	194.09	276.51	0
2025060125	P10228	53	男	2025/6/20	M54.5	320.01	486.45	806.46	0
2025060126	P10323	57	女	2025/6/21	L30.9	77.73	218.89	296.62	0
2025060127	P10196	20	女	2025/6/22	J06.9	82.68	119.17	201.85	0
2025060128	P10324	20	女	2025/6/23	L30.9	83.95	103.85	187.79	0
2025060129	P10083	56	女	2025/6/24	E11.9	568.43	355.83	924.26	1
2025060130	P10325	28	女	2025/6/27	R51	133	196.9	329.9	0
2025060131	P10115	41	女	2025/6/28	I10	388.1	554.51	942.61	1
2025060132	P10147	26	男	2025/6/29	L30.9	82.16	208.94	291.1	0
2025060133	P10041	47	男	2025/6/30	I10	251.64	356.93	608.57	1
2025070134	P10148	69	女	2025/7/1	I20	485.9	654.4	1140.31	1
2025070135	P10256	20	女	2025/7/2	N94.6	91.48	272.77	364.25	0
2025070136	P10315	78	男	2025/7/3	E11.9	526.77	401.58	928.35	1
2025070137	P10270	21	男	2025/7/4	N94.6	161.67	272.88	434.55	1
2025070138	P10199	32	男	2025/7/5	R51	120.35	146.34	266.69	0
2025070139	P10322	69	女	2025/7/6	I10	362.26	603.42	965.68	1
2025070140	P10090	20	男	2025/7/7	H10.9	115.14	267.41	382.55	0
2025070141	P10235	62	男	2025/7/8	I10	266.75	596.44	863.19	1
2025070142	P10204	61	男	2025/7/9	R51	170.5	207.74	378.24	1
2025070143	P10025	20	女	2025/7/10	H10.9	92.91	151.8	244.72	0
2025070144	P10198	57	男	2025/7/11	E11.9	376.17	475.68	851.85	1
2025070145	P10043	43	男	2025/7/12	K21.9	164.27	325.3	489.56	0
2025070146	P10041	66	男	2025/7/13	E11.9	422.52	439.78	862.3	1
2025070147	P10229	45	男	2025/7/14	I10	383.36	415.91	799.27	1
2025070148	P10326	44	男	2025/7/15	I10	334.05	417.17	751.23	1
2025070149	P10327	66	女	2025/7/16	I10	241.19	602.92	844.11	1
2025070150	P10310	63	男	2025/7/17	I10	323.33	458.59	781.92	1
2025070151	P10188	40	女	2025/7/18	J06.9	114.96	149.92	264.88	0
2025070152	P10199	30	男	2025/7/19	L30.9	63.71	205.43	269.14	0
2025070153	P10252	58	女	2025/7/20	I20	465.59	569.22	1034.8	1
2025070154	P10328	48	女	2025/7/21	M54.5	303.58	426.4	729.98	0
2025070155	P10327	63	女	2025/7/22	I10	303.61	409.51	713.12	1
2025070156	P10253	51	女	2025/7/23	I10	327.9	433.26	761.16	1
2025070157	P10045	82	女	2025/7/24	I10	338.35	623.25	961.6	1
2025070158	P10295	65	女	2025/7/25	I10	443.79	554.29	998.07	1
2025070159	P10283	27	女	2025/7/26	M54.5	174.28	461.19	635.47	0
2025070160	P10329	64	男	2025/7/28	E11.9	381.35	545.38	926.73	1
2025080161	P10330	30	男	2025/8/1	M54.5	247.16	308.78	555.94	0
2025080162	P10087	34	男	2025/8/2	N94.6	153.32	227.21	380.54	0
2025080163	P10331	53	男	2025/8/6	H10.9	87.32	167.01	254.33	0
2025080164	P10293	20	女	2025/8/7	J06.9	102.51	179.65	282.16	0
2025080165	P10332	49	男	2025/8/8	H10.9	133.71	203.37	337.08	0
2025080166	P10248	43	女	2025/8/9	J06.9	85.28	130.66	215.94	0
2025080167	P10333	69	女	2025/8/10	I10	313.85	536.43	850.28	1
2025080168	P10127	82	男	2025/8/11	I10	254.25	706.17	960.42	1
2025080169	P10334	25	男	2025/8/12	H10.9	134.46	238.81	373.27	0
2025080170	P10335	20	女	2025/8/13	L30.9	80.86	102.16	183.01	0
2025080171	P10299	41	女	2025/8/14	E11.9	314.2	400.97	715.17	1
2025080172	P10275	50	男	2025/8/15	I10	232.57	357.19	589.76	1
2025080173	P10024	33	男	2025/8/16	J06.9	103.28	134.07	237.35	0
2025080174	P10282	60	男	2025/8/17	E11.9	602	479.69	1081.69	1
2025080175	P10174	30	男	2025/8/22	N94.6	129.73	217.41	347.14	0
2025080176	P10020	69	男	2025/8/23	I10	305.27	506.23	811.5	1
2025080177	P10168	38	女	2025/8/24	R51	130.53	206.85	337.39	0
2025080178	P10260	59	男	2025/8/25	H10.9	128.4	280.66	409.06	0
2025080179	P10057	33	男	2025/8/26	R51	152.83	260.08	412.91	0
2025080180	P10243	85	男	2025/8/27	E11.9	568.27	605.65	1173.93	1
2025080181	P10246	67	女	2025/8/28	I10	369.79	551.52	921.31	1
2025080182	P10017	21	女	2025/8/29	N94.6	153.9	215.53	369.43	0
2025080183	P10105	20	男	2025/8/30	J06.9	114.75	255.69	370.44	0
2025080184	P10071	44	男	2025/8/31	J06.9	108.21	305.62	413.83	1
2025090185	P10336	26	女	2025/9/1	N94.6	155.86	347.38	503.24	0
2025090186	P10248	72	女	2025/9/2	I20	521.19	774.21	1295.41	1
2025090187	P10107	52	男	2025/9/6	M54.5	262.67	419.72	682.39	0
2025090188	P10294	43	男	2025/9/10	M54.5	229.33	503.47	732.8	0
2025090189	P10148	22	女	2025/9/13	R51	98.19	262.63	360.82	0
2025090190	P10276	32	女	2025/9/14	E11.9	422.88	340.15	763.04	1
2025090191	P10026	38	男	2025/9/15	M54.5	253.65	423.31	676.96	0
2025090192	P10052	57	男	2025/9/16	M54.5	192.58	534.8	727.38	0
2025090193	P10244	39	女	2025/9/17	J06.9	69.6	291.32	360.91	0
2025090194	P10337	20	男	2025/9/18	N94.6	155.08	348.6	503.68	0
2025090195	P10338	41	男	2025/9/19	R51	140.4	225.43	365.83	0
2025090196	P10339	31	女	2025/9/23	N94.6	105.75	378.75	484.5	0
2025090197	P10340	41	女	2025/9/28	E11.9	504.71	367.97	872.68	1
2025090198	P10008	41	男	2025/9/29	K21.9	269.96	315.12	585.08	0
2025090199	P10341	31	女	2025/9/30	H10.9	110.85	155.68	266.52	0
2025100200	P10166	20	女	2025/10/1	R51	90.61	186.78	277.4	0
2025100201	P10299	44	女	2025/10/2	K21.9	154.75	337.35	492.1	0
2025100202	P10158	66	男	2025/10/3	I10	381.05	651.93	1032.99	1
2025100203	P10328	41	女	2025/10/4	L30.9	78.09	193.15	271.25	0
2025100204	P10311	70	女	2025/10/5	E11.9	546.81	554.94	1101.75	1
2025100205	P10342	24	男	2025/10/6	M54.5	247.63	420.88	668.51	0
2025100206	P10289	48	女	2025/10/7	I10	380.39	593.7	974.09	1
2025100207	P10267	45	男	2025/10/8	J06.9	120.98	249.47	370.45	0
2025100208	P10029	45	女	2025/10/9	J06.9	103.86	196.14	300	0
2025100209	P10343	45	男	2025/10/10	J06.9	134.94	255.39	390.33	0
2025100210	P10033	58	女	2025/10/11	N94.6	115.57	412.94	528.51	0
2025100211	P10093	46	男	2025/10/12	K21.9	272.82	407.54	680.36	0
2025100212	P10344	52	女	2025/10/13	H10.9	152.08	218.73	370.81	0
2025100213	P10335	49	女	2025/10/14	H10.9	92.28	312.38	404.66	0
2025100214	P10345	47	男	2025/10/15	K21.9	307.16	302.84	610	0
2025100215	P10118	61	男	2025/10/16	I20	518.5	643.88	1162.38	1
2025100216	P10339	50	女	2025/10/17	J06.9	132.94	290.59	423.52	0
2025100217	P10018	20	男	2025/10/18	J06.9	105.48	247	352.48	0
2025100218	P10277	62	男	2025/10/19	I20	635.75	573.8	1209.54	1
2025100219	P10346	24	女	2025/10/20	N94.6	163.07	334.58	497.66	0
2025100220	P10347	36	男	2025/10/21	J06.9	75.97	207.12	283.08	0
2025100221	P10219	46	男	2025/10/22	N94.6	107.83	276.95	384.78	0
2025100222	P10214	20	男	2025/10/23	J06.9	71.99	123.1	195.09	0
2025100223	P10074	43	女	2025/10/24	H10.9	146.19	237.87	384.07	0
2025100224	P10125	48	女	2025/10/25	I20	484.69	544.67	1029.36	1
2025100225	P10098	54	男	2025/10/26	I10	294.71	515.2	809.91	1
2025100226	P10348	56	男	2025/10/27	J06.9	147.9	179.92	327.82	0
2025100227	P10349	40	男	2025/10/28	K21.9	263.15	382.89	646.04	0
2025100228	P10123	20	男	2025/10/29	N94.6	159.8	248.52	408.32	0
2025100229	P10263	20	女	2025/10/30	L30.9	79.16	198.38	277.54	0
2025100230	P10105	65	男	2025/10/31	E11.9	453.92	464.07	917.99	1
2025110231	P10300	22	男	2025/11/1	N94.6	129	209.74	338.74	0
2025110232	P10350	67	女	2025/11/2	I20	640.5	896.6	1537.1	1
2025110233	P10181	60	男	2025/11/3	I10	378.47	491.14	869.61	1
2025110234	P10031	21	男	2025/11/4	J06.9	121.19	103.95	225.14	0
2025110235	P10071	72	男	2025/11/5	H10.9	111.59	297.05	408.64	0
2025110236	P10317	54	男	2025/11/6	M54.5	360.36	516.33	876.68	0
2025110237	P10211	35	男	2025/11/7	I10	298.24	372.86	671.1	1
2025110238	P10351	33	女	2025/11/8	H10.9	138.66	160.24	298.9	0
2025110239	P10270	58	男	2025/11/9	I20	513.27	804.94	1318.21	1
2025110240	P10116	67	女	2025/11/14	E11.9	575.46	358.8	934.26	1
2025110241	P10208	43	男	2025/11/15	E11.9	444.75	315.89	760.64	0
2025110242	P10223	43	女	2025/11/16	M54.5	219.5	502.9	722.4	0
2025110243	P10352	32	男	2025/11/17	L30.9	97.48	177.62	275.09	0
2025110244	P10353	70	男	2025/11/21	I10	425.6	350.4	776	1
2025110245	P10354	20	女	2025/11/22	L30.9	70.16	166.13	236.3	0
2025110246	P10277	49	男	2025/11/23	E11.9	510.9	342.75	853.65	1
2025110247	P10178	54	男	2025/11/24	I10	307.54	590.21	897.75	1
2025110248	P10355	52	女	2025/11/25	I10	269.95	633.64	903.59	1
2025110249	P10356	71	男	2025/11/26	M54.5	325.87	366.3	692.16	1
2025110250	P10043	61	男	2025/11/27	E11.9	436.47	504.74	941.21	1
2025110251	P10047	44	女	2025/11/28	I10	266.89	416.13	683.02	1
2025110252	P10230	35	女	2025/11/29	N94.6	147.46	215.14	362.61	0
2025110253	P10167	72	男	2025/11/30	H10.9	93.8	246	339.81	1
2025120254	P10125	36	女	2025/12/1	N94.6	114.62	270.62	385.24	0
2025120255	P10033	41	女	2025/12/2	I10	256.47	391.88	648.34	1
2025120256	P10357	24	女	2025/12/3	N94.6	109.99	203.68	313.67	0
2025120257	P10358	60	女	2025/12/7	J06.9	102.37	291.18	393.55	0
2025120258	P10309	25	女	2025/12/8	R51	111.08	182.34	293.42	0
2025120259	P10325	43	女	2025/12/12	J06.9	109.2	150.71	259.91	0
2025120260	P10059	51	女	2025/12/13	R51	126.58	316.07	442.65	0
2025120261	P10237	21	女	2025/12/14	R51	109.47	244.04	353.51	0
2025120262	P10359	44	女	2025/12/15	M54.5	181.39	367.78	549.17	0
2025120263	P10194	21	男	2025/12/16	I10	360.32	401.61	761.93	1
2025120264	P10360	20	女	2025/12/17	N94.6	161.16	244.72	405.88	0
2025120265	P10044	56	女	2025/12/18	I10	269.62	539.36	808.98	1
2025120266	P10331	26	男	2025/12/19	M54.5	213.83	419	632.83	0
2025120267	P10133	81	男	2025/12/20	I20	661.99	804.21	1466.21	1
2025120268	P10238	22	男	2025/12/21	K21.9	216.84	273.08	489.93	0
2025120269	P10213	20	男	2025/12/22	L30.9	58.64	202.23	260.86	0
2025120270	P10106	37	男	2025/12/23	J06.9	83.56	117.73	201.29	0
2025120271	P10023	58	女	2025/12/24	H10.9	95.98	302.34	398.32	0
2025120272	P10125	20	女	2025/12/25	J06.9	94.67	149.58	244.25	0
2025120273	P10323	76	女	2025/12/26	I20	623.15	742.98	1366.13	0
2025120274	P10304	35	男	2025/12/27	J06.9	49.18	139.39	188.57	0
2025120275	P10296	48	女	2025/12/28	I10	389.37	370.33	759.7	1
2025120276	P10251	44	女	2025/12/29	J06.9	116.19	223.78	339.97	0
2025120277	P10235	47	男	2025/12/30	M54.5	323.69	456.64	780.33	0
2025120278	P10069	45	女	2025/12/31	E11.9	368.63	331.47	700.11	1
2026010279	P10306	60	女	2026/1/1	I10	304.42	391.3	695.71	1
2026010280	P10089	24	女	2026/1/2	N94.6	137.05	209.81	346.86	0
2026010281	P10184	40	男	2026/1/3	R51	148.46	179.27	327.73	0
2026010282	P10210	54	女	2026/1/4	M54.5	249.44	500.74	750.18	0
2026010283	P10113	78	女	2026/1/5	E11.9	438.77	484.95	923.72	1
2026010284	P10254	20	女	2026/1/6	N94.6	100.19	200.56	300.75	0
2026010285	P10022	65	女	2026/1/7	K21.9	243.23	274.17	517.4	1
2026010286	P10127	25	男	2026/1/8	E11.9	508.59	360.7	869.29	1
2026010287	P10061	38	男	2026/1/9	K21.9	183.69	358.52	542.21	0
2026010288	P10324	46	女	2026/1/10	J06.9	114.96	264.68	379.64	0
2026010289	P10273	59	男	2026/1/11	E11.9	475.99	399.38	875.37	1
2026010290	P10264	26	女	2026/1/12	R51	156.17	152.78	308.96	0
2026010291	P10361	41	男	2026/1/13	M54.5	177.42	330.89	508.32	0
2026010292	P10362	54	女	2026/1/14	I10	349.33	522.53	871.86	1
2026010293	P10048	23	男	2026/1/15	J06.9	114.36	218.63	332.99	0
2026010294	P10298	70	女	2026/1/16	I10	408.05	597.79	1005.84	1
2026010295	P10184	37	男	2026/1/17	H10.9	133.66	206.51	340.17	0
2026010296	P10166	20	女	2026/1/18	H10.9	93.28	213.02	306.3	0
2026010297	P10350	50	女	2026/1/19	K21.9	164.74	341.5	506.23	0
2026010298	P10363	41	女	2026/1/20	J06.9	149.93	186.49	336.42	0
2026010299	P10141	69	女	2026/1/24	I10	311.54	371.81	683.35	1
2026010300	P10321	64	女	2026/1/25	E11.9	531.84	388.45	920.29	1
2026010301	P10245	50	男	2026/1/26	I10	334.67	478.62	813.3	1
2026010302	P10062	27	女	2026/1/27	R51	132.99	158.79	291.77	0
2026010303	P10053	68	女	2026/1/28	I10	311.8	444.35	756.15	1
2026010304	P10364	67	男	2026/1/29	I10	354.87	548.31	903.18	1
2026010305	P10078	24	女	2026/1/30	L30.9	89.21	153.05	242.26	0
2026010306	P10064	28	男	2026/1/31	N94.6	130.1	369.09	499.19	0
2026020307	P10044	77	女	2026/2/1	I20	616.44	848.88	1465.32	1
2026020308	P10365	59	女	2026/2/3	I20	570.92	609.47	1180.39	1
2026020309	P10123	45	男	2026/2/4	J06.9	62.81	204.91	267.72	0
2026020310	P10366	57	女	2026/2/5	I10	403.8	510.51	914.3	1
2026020311	P10038	57	女	2026/2/6	I10	231.65	410.84	642.5	1
2026020312	P10260	71	男	2026/2/7	E11.9	552.27	523.7	1075.97	1
2026020313	P10276	57	女	2026/2/8	M54.5	222.96	392.75	615.71	0
2026020314	P10367	51	女	2026/2/9	J06.9	119.67	281.59	401.25	0
2026020315	P10123	75	男	2026/2/10	I10	255.26	505.66	760.92	1
2026020316	P10337	40	男	2026/2/11	K21.9	167.92	341.58	509.5	0
2026020317	P10368	68	女	2026/2/12	I10	256.94	609.14	866.08	1
2026020318	P10016	50	女	2026/2/13	E11.9	427.7	425.01	852.71	1
2026020319	P10262	59	女	2026/2/15	E11.9	465.27	452.65	917.92	1
2026020320	P10294	43	男	2026/2/16	M54.5	175.66	454.88	630.54	1
2026020321	P10024	36	男	2026/2/17	J06.9	86.53	127.42	213.95	0
2026020322	P10366	47	女	2026/2/18	K21.9	220.36	273.61	493.97	0
2026020323	P10040	21	女	2026/2/19	N94.6	101.31	302.87	404.18	0
2026020324	P10024	75	男	2026/2/20	R51	125.6	258.22	383.82	1
2026020325	P10284	20	男	2026/2/21	J06.9	78.2	142.49	220.69	0
2026020326	P10189	20	女	2026/2/22	N94.6	134.4	319.07	453.47	0
2026020327	P10210	73	女	2026/2/25	I10	359.18	571.76	930.94	1
2026020328	P10337	66	男	2026/2/26	E11.9	547.51	408.5	956.01	1
2026030329	P10031	49	男	2026/3/3	R51	119.38	200.61	319.99	0
2026030330	P10369	47	女	2026/3/4	J06.9	129.16	223.72	352.88	0
2026030331	P10304	27	男	2026/3/5	N94.6	134.17	367.31	501.48	0
2026030332	P10202	31	女	2026/3/6	M54.5	283.7	347.25	630.95	0
2026030333	P10300	60	男	2026/3/7	I10	243.24	478.36	721.6	1
2026030334	P10107	21	男	2026/3/8	J06.9	87.18	244.8	331.98	0
2026030335	P10361	59	男	2026/3/9	M54.5	173.08	511.57	684.65	0
2026030336	P10183	32	男	2026/3/10	J06.9	52.7	153.38	206.08	0
2026030337	P10370	21	女	2026/3/11	N94.6	140.29	198.15	338.43	0
2026030338	P10032	23	男	2026/3/12	H10.9	136.13	155.19	291.32	0
2026030339	P10331	64	男	2026/3/13	I10	355.29	644.26	999.55	1
2026030340	P10371	53	男	2026/3/16	I10	393.47	577.94	971.41	1
2026030341	P10294	20	男	2026/3/18	J06.9	110.2	179.3	289.5	0
2026030342	P10096	58	男	2026/3/19	E11.9	448.54	359.4	807.94	1
2026030343	P10256	39	女	2026/3/20	J06.9	104.54	111.63	216.18	0
2026030344	P10270	59	男	2026/3/21	I20	655.71	726.09	1381.8	0
2026030345	P10246	24	女	2026/3/22	N94.6	136.59	351.93	488.52	0
2026030346	P10164	29	男	2026/3/23	N94.6	97.27	342.22	439.49	0
2026030347	P10184	22	男	2026/3/24	K21.9	272.95	359.26	632.21	0
2026030348	P10029	23	女	2026/3/25	K21.9	267.34	288.35	555.69	0
2026030349	P10372	51	男	2026/3/26	I10	336.02	571.67	907.69	1
2026030350	P10181	34	男	2026/3/28	R51	151.67	227.43	379.1	0
2026040351	P10090	41	男	2026/4/2	J06.9	59.32	147.26	206.58	0
2026040352	P10315	79	男	2026/4/3	I20	509.19	854.52	1363.71	1
2026040353	P10012	70	女	2026/4/4	I10	392.08	393.87	785.95	1
2026040354	P10038	52	女	2026/4/5	E11.9	567.61	401.87	969.48	1
2026040355	P10081	39	女	2026/4/6	K21.9	214.45	326.21	540.67	0
2026040356	P10288	29	男	2026/4/7	M54.5	317.3	432.24	749.54	0
2026040357	P10158	39	男	2026/4/8	K21.9	193.21	234.36	427.57	1
2026040358	P10291	56	女	2026/4/9	I10	346.12	622.42	968.53	1
2026040359	P10255	63	男	2026/4/10	I10	389.21	414.11	803.32	1
2026040360	P10373	20	女	2026/4/11	J06.9	68.87	134.92	203.79	0
2026040361	P10001	66	男	2026/4/12	I10	325.04	481.26	806.3	1
2026040362	P10374	78	女	2026/4/13	I10	352.12	665.47	1017.58	1
2026040363	P10038	38	女	2026/4/14	K21.9	153.46	201.98	355.44	0
2026040364	P10193	64	男	2026/4/15	I10	240.8	652.46	893.26	1
2026040365	P10375	55	女	2026/4/16	M54.5	253.98	463.03	717.02	0
2026040366	P10170	60	男	2026/4/17	I20	481.8	780.07	1261.87	1
2026040367	P10145	58	男	2026/4/18	E11.9	353.14	412.65	765.79	1
2026040368	P10002	35	女	2026/4/19	J06.9	77.47	226.59	304.06	0
2026040369	P10088	46	女	2026/4/20	M54.5	355.77	406.56	762.33	0
2026040370	P10339	43	女	2026/4/21	E11.9	467.37	383.17	850.54	1
2026040371	P10023	55	女	2026/4/22	E11.9	447.48	371.14	818.63	1
2026040372	P10342	65	男	2026/4/23	I10	375.33	610.26	985.59	1
2026040373	P10032	59	男	2026/4/24	H10.9	150.33	233.01	383.34	0
2026040374	P10121	54	女	2026/4/25	J06.9	61.95	300.19	362.14	0
2026040375	P10376	85	男	2026/4/26	I10	430.51	431.03	861.54	1
2026040376	P10217	50	女	2026/4/29	I10	353.46	378.6	732.06	1
2026040377	P10164	38	男	2026/4/30	L30.9	113.7	108.95	222.65	0
2026050378	P10142	38	女	2026/5/1	J06.9	140.3	101.45	241.75	0
2026050379	P10058	78	女	2026/5/2	J06.9	77.14	258.93	336.06	1
2026050380	P10052	30	男	2026/5/4	K21.9	266.12	357.23	623.34	0
2026050381	P10293	21	女	2026/5/5	N94.6	93.89	230.85	324.74	0
2026050382	P10020	23	男	2026/5/6	J06.9	126.17	217.86	344.04	0
2026050383	P10191	34	女	2026/5/7	I10	352.57	379.19	731.76	1
2026050384	P10051	28	女	2026/5/8	R51	115.43	183.37	298.8	0
2026050385	P10374	20	女	2026/5/9	J06.9	103.1	123.83	226.93	0
2026050386	P10265	33	男	2026/5/10	H10.9	132.66	219.34	352	0
2026050387	P10070	44	女	2026/5/11	K21.9	233.22	320.01	553.22	0
2026050388	P10030	83	男	2026/5/12	I20	596.92	942.12	1539.04	1
2026050389	P10377	59	女	2026/5/13	M54.5	191.38	335.19	526.57	0
2026050390	P10243	23	男	2026/5/14	N94.6	123.5	212.92	336.43	0
2026050391	P10146	49	男	2026/5/15	I10	219.38	581.17	800.55	1
2026050392	P10116	52	女	2026/5/16	M54.5	216.05	404.82	620.86	1
2026050393	P10005	20	男	2026/5/17	J06.9	56.91	121.18	178.08	0
2026050394	P10157	61	男	2026/5/18	K21.9	283.33	281.86	565.19	1
2026050395	P10112	58	男	2026/5/19	J06.9	128.31	288.7	417.01	0
2026050396	P10340	29	女	2026/5/20	R51	173.82	221.34	395.16	0
2026050397	P10247	39	女	2026/5/21	I10	395.68	489.72	885.4	1
2026050398	P10334	75	男	2026/5/22	E11.9	396.54	532.39	928.93	1
2026050399	P10378	43	女	2026/5/23	M54.5	290.44	450.92	741.36	0
2026050400	P10379	54	女	2026/5/27	K21.9	254.08	426.88	680.95	0
2026050401	P10352	20	男	2026/5/28	N94.6	160.64	343.17	503.82	0
2026050402	P10380	46	男	2026/5/29	E11.9	430.23	461.63	891.86	1
2026050403	P10381	45	女	2026/5/30	M54.5	199.31	353.28	552.59	0
2026050404	P10382	28	女	2026/5/31	N94.6	137.59	210.14	347.74	0
2026060405	P10318	54	男	2026/6/1	I10	404.34	481.65	885.99	1
2026060406	P10028	34	女	2026/6/2	L30.9	66.98	241.39	308.36	0
2026060407	P10367	54	女	2026/6/7	I20	445.29	641.77	1087.07	1
2026060408	P10232	52	女	2026/6/8	E11.9	519.72	353.74	873.46	1
2026060409	P10046	61	男	2026/6/9	I10	316.85	473.85	790.7	1
2026060410	P10274	70	男	2026/6/10	I20	545.81	579.86	1125.67	1
2026060411	P10347	68	男	2026/6/11	I10	395.26	419.38	814.64	1
2026060412	P10258	20	男	2026/6/12	N94.6	105.03	328.29	433.32	0
2026060413	P10306	20	女	2026/6/13	J06.9	84.03	213.62	297.65	0
2026060414	P10097	75	女	2026/6/18	I10	448.12	638.73	1086.85	0
2026060415	P10383	30	男	2026/6/19	N94.6	111.05	259.65	370.71	0
2026060416	P10384	22	男	2026/6/20	N94.6	95.36	201.68	297.04	0
2026060417	P10228	66	男	2026/6/21	J06.9	118.34	220.21	338.56	1
2026060418	P10155	37	男	2026/6/22	J06.9	59.2	201	260.2	0
2026060419	P10054	58	女	2026/6/23	J06.9	121.83	170.63	292.46	0
2026060420	P10135	31	男	2026/6/24	H10.9	141.45	194.52	335.98	0
2026060421	P10107	75	男	2026/6/25	M54.5	289.21	407.61	696.81	0
2026060422	P10294	71	男	2026/6/26	M54.5	207.7	367.31	575.01	1
2026060423	P10132	41	男	2026/6/27	M54.5	242.56	497.94	740.49	0
2026060424	P10385	49	男	2026/6/28	H10.9	109.95	262.83	372.78	0
2026060425	P10386	67	男	2026/6/29	I10	258.42	560.87	819.29	1
2026060426	P10387	75	男	2026/6/30	E11.9	453.17	379.25	832.43	1
2026070427	P10388	28	女	2026/7/1	K21.9	232.49	337.82	570.31	0
2026070428	P10082	68	男	2026/7/2	I10	435.76	507.07	942.83	1
2026070429	P10184	60	男	2026/7/3	M54.5	354.77	523.59	878.36	0
2026070430	P10250	38	女	2026/7/4	I10	279.43	310.65	590.09	1
2026070431	P10348	20	男	2026/7/5	J06.9	111.93	220.28	332.21	0
2026070432	P10353	20	男	2026/7/9	M54.5	152.14	389.11	541.25	0
2026070433	P10198	56	男	2026/7/10	I10	394.51	613.03	1007.54	1
2026070434	P10389	44	女	2026/7/11	H10.9	143.68	164.45	308.13	0
2026070435	P10390	40	男	2026/7/12	N94.6	137.86	363.42	501.28	0
2026070436	P10046	31	男	2026/7/13	H10.9	106.29	160.25	266.54	0
2026070437	P10212	79	男	2026/7/14	I10	370.23	654.59	1024.82	1
2026070438	P10391	24	男	2026/7/18	M54.5	221.94	338.72	560.66	0
2026070439	P10392	20	女	2026/7/19	K21.9	184.04	261.46	445.5	0
2026070440	P10182	28	男	2026/7/20	H10.9	138.66	182.17	320.83	0
2026070441	P10085	42	男	2026/7/21	J06.9	133.51	250.99	384.49	0
2026070442	P10062	37	女	2026/7/22	R51	137.2	215.28	352.48	0
2026070443	P10213	35	男	2026/7/23	I10	318.48	489.1	807.58	1
2026070444	P10302	36	男	2026/7/24	R51	111.19	220.33	331.52	0
2026070445	P10393	20	女	2026/7/25	L30.9	96.18	212.87	309.05	0
2026070446	P10394	55	女	2026/7/26	M54.5	291.57	391.7	683.27	0
2026070447	P10355	44	女	2026/7/27	K21.9	194.86	400.57	595.43	0
2026070448	P10212	20	男	2026/7/28	N94.6	169.78	272.21	441.99	0
2026070449	P10378	28	女	2026/7/29	R51	153.46	169.33	322.79	0
2026070450	P10345	47	男	2026/7/30	I10	354.05	613.29	967.35	1
2026070451	P10364	59	男	2026/7/31	I10	296.14	486.3	782.44	1
2026080452	P10383	39	男	2026/8/1	L30.9	91.57	230.46	322.04	0
2026080453	P10196	48	女	2026/8/2	I10	347.41	374.37	721.78	1
2026080454	P10129	66	女	2026/8/3	I10	240.02	604.9	844.92	1
2026080455	P10232	53	女	2026/8/4	I10	397.89	555.77	953.66	1
2026080456	P10122	20	男	2026/8/5	J06.9	116.72	215.3	332.02	0
2026080457	P10214	36	男	2026/8/6	R51	193.63	192.96	386.59	0
2026080458	P10318	20	男	2026/8/7	H10.9	126.21	194.81	321.02	0
2026080459	P10189	33	女	2026/8/8	K21.9	223.87	309.45	533.33	0
2026080460	P10350	45	女	2026/8/12	I10	402.31	533.54	935.84	1
2026080461	P10136	83	女	2026/8/13	I10	384.91	457.45	842.36	1
2026080462	P10079	25	男	2026/8/14	L30.9	88.63	199.85	288.47	0
2026080463	P10294	22	男	2026/8/15	N94.6	97.63	310.8	408.43	0
2026080464	P10082	39	男	2026/8/17	J06.9	103.19	117.8	220.98	0
2026080465	P10185	53	女	2026/8/18	E11.9	572.52	451.19	1023.71	1
2026080466	P10333	57	女	2026/8/19	I10	362.16	470.56	832.72	1
2026080467	P10021	54	男	2026/8/20	M54.5	229.18	517.01	746.19	0
2026080468	P10145	69	男	2026/8/21	I10	347.36	608.16	955.53	1
2026080469	P10152	20	男	2026/8/22	L30.9	64.4	159.38	223.77	0
2026080470	P10395	36	男	2026/8/23	M54.5	188.31	417.38	605.7	0
2026080471	P10396	40	女	2026/8/24	M54.5	337.95	449.38	787.33	0
2026080472	P10045	32	女	2026/8/25	I10	226.17	360.55	586.72	1
2026080473	P10397	20	女	2026/8/26	J06.9	81.4	146.95	228.35	0
2026080474	P10369	65	女	2026/8/27	M54.5	338.84	469.26	808.1	1
2026080475	P10398	59	女	2026/8/28	K21.9	213.75	237.94	451.69	0
2026080476	P10339	57	女	2026/8/29	I10	250.92	397.07	647.99	1
2026080477	P10399	63	男	2026/8/30	E11.9	581.75	549.78	1131.52	1
2026080478	P10400	63	男	2026/8/31	I10	224.12	534.08	758.2	1
2026090479	P10380	71	男	2026/9/4	L30.9	93.13	186.99	280.12	0
2026090480	P10114	61	男	2026/9/5	M54.5	221.61	356.83	578.44	1
2026090481	P10385	35	男	2026/9/6	R51	194.45	213.71	408.16	0
2026090482	P10051	55	女	2026/9/7	I20	554.83	844.37	1399.2	1
2026090483	P10146	20	男	2026/9/8	M54.5	297.02	327.2	624.22	0
2026090484	P10300	62	男	2026/9/9	I10	347.84	601.96	949.81	1
2026090485	P10114	30	男	2026/9/10	K21.9	233.82	242.57	476.39	0
2026090486	P10246	20	女	2026/9/11	J06.9	77.29	144.98	222.27	0
2026090487	P10144	20	女	2026/9/12	H10.9	80.82	207.71	288.53	0
2026090488	P10039	20	男	2026/9/13	L30.9	99.88	175.27	275.15	0
2026090489	P10109	50	男	2026/9/14	L30.9	97.75	190.6	288.35	0
2026090490	P10188	52	女	2026/9/15	J06.9	147.49	231	378.49	0
2026090491	P10047	34	女	2026/9/16	J06.9	97.21	225.56	322.77	0
2026090492	P10085	57	男	2026/9/17	K21.9	185.6	251.55	437.15	0
2026090493	P10401	39	女	2026/9/18	R51	103.52	262.9	366.42	0
2026090494	P10343	56	男	2026/9/19	I20	628.07	657.05	1285.11	1
2026090495	P10333	77	女	2026/9/20	E11.9	563.98	479.07	1043.05	1
2026090496	P10279	32	女	2026/9/21	N94.6	132.16	264.68	396.83	0
2026090497	P10129	39	女	2026/9/22	E11.9	524.18	401.26	925.43	1
2026090498	P10247	22	女	2026/9/23	L30.9	54.96	211.4	266.36	0
2026090499	P10144	56	女	2026/9/24	I20	472.37	657.36	1129.73	1
2026090500	P10170	23	男	2026/9/25	K21.9	203.34	270.62	473.96	0
2026090501	P10402	71	男	2026/9/26	I10	363.48	402.33	765.81	1
2026090502	P10029	82	女	2026/9/27	I10	465.23	550.54	1015.77	1
2026090503	P10403	20	女	2026/9/29	R51	109.49	216.88	326.37	0
2026090504	P10211	32	男	2026/9/30	N94.6	172.28	349.53	521.81	0
2026100505	P10371	35	男	2026/10/1	M54.5	326.11	408.82	734.93	0
2026100506	P10009	60	男	2026/10/2	I20	629.11	716.44	1345.55	1
2026100507	P10244	20	女	2026/10/3	L30.9	86.39	208.5	294.89	0
2026100508	P10338	49	男	2026/10/4	I10	335.13	572.93	908.05	1
2026100509	P10268	35	男	2026/10/5	J06.9	134.05	233.54	367.59	0
2026100510	P10196	42	女	2026/10/10	E11.9	506.17	486.39	992.55	1
2026100511	P10131	40	男	2026/10/11	J06.9	73.25	271.81	345.06	0
2026100512	P10097	59	女	2026/10/12	I10	381.86	330.84	712.7	1
2026100513	P10106	41	男	2026/10/13	M54.5	214.25	374.32	588.56	0
2026100514	P10275	20	男	2026/10/14	J06.9	77.91	139.6	217.51	0
2026100515	P10402	23	男	2026/10/15	N94.6	107.85	285.31	393.17	0
2026100516	P10204	49	男	2026/10/19	K21.9	290.77	346.79	637.56	0
2026100517	P10083	66	女	2026/10/20	I10	340.89	605.48	946.37	1
2026100518	P10027	48	女	2026/10/21	I10	408.63	313.65	722.28	1
2026100519	P10404	61	男	2026/10/22	I10	270.01	358.03	628.04	1
2026100520	P10405	49	女	2026/10/23	K21.9	250.4	406.65	657.06	0
2026100521	P10104	20	男	2026/10/24	H10.9	130.64	204.95	335.59	0
2026100522	P10358	70	女	2026/10/25	I20	498.98	587.44	1086.42	1
2026100523	P10142	32	女	2026/10/26	K21.9	194.85	267.87	462.72	0
2026100524	P10036	33	女	2026/10/27	L30.9	89.72	201.61	291.33	0
2026100525	P10142	57	女	2026/10/28	I20	642.98	690.52	1333.51	1
2026100526	P10260	38	男	2026/10/29	I10	212.33	384.39	596.73	1
2026100527	P10406	20	女	2026/10/30	M54.5	308.89	371.37	680.26	0
2026100528	P10407	25	女	2026/10/31	L30.9	103.34	159.37	262.72	0
2026110529	P10113	48	女	2026/11/1	M54.5	203.83	377.67	581.5	0
2026110530	P10135	55	男	2026/11/2	I20	450	754.77	1204.76	1
2026110531	P10408	64	女	2026/11/3	E11.9	586.41	396.27	982.68	1
2026110532	P10409	48	男	2026/11/4	I20	466.35	602.81	1069.15	1
2026110533	P10410	39	男	2026/11/5	K21.9	167.14	214.62	381.76	0
2026110534	P10278	20	女	2026/11/6	R51	166.32	185.11	351.43	0
2026110535	P10411	21	女	2026/11/7	J06.9	134.34	256.3	390.63	0
2026110536	P10028	35	女	2026/11/8	J06.9	90.01	280.73	370.74	0
2026110537	P10412	20	男	2026/11/9	J06.9	55.83	183.28	239.11	0
2026110538	P10195	24	女	2026/11/10	N94.6	121.94	296.75	418.69	0
2026110539	P10242	56	男	2026/11/11	R51	145.05	191.79	336.85	0
2026110540	P10187	20	女	2026/11/12	H10.9	89.62	159.29	248.9	0
2026110541	P10052	50	男	2026/11/13	K21.9	284.14	326.62	610.77	0
2026110542	P10413	20	男	2026/11/14	J06.9	45.88	165.87	211.75	0
2026110543	P10274	46	男	2026/11/15	K21.9	275.83	267.81	543.64	0
2026110544	P10354	77	女	2026/11/16	I10	288.07	445.9	733.97	1
2026110545	P10134	20	男	2026/11/17	E11.9	396.08	437.73	833.81	1
2026110546	P10348	23	男	2026/11/18	R51	109.7	216.29	326	0
2026110547	P10182	63	男	2026/11/19	E11.9	476.79	507.27	984.05	1
2026110548	P10238	41	男	2026/11/20	M54.5	179.86	335.18	515.05	0
2026110549	P10293	42	女	2026/11/21	J06.9	142.11	116.98	259.09	0
2026110550	P10364	45	男	2026/11/22	E11.9	472.69	363.11	835.8	1
2026110551	P10301	36	女	2026/11/23	J06.9	93.13	130.79	223.92	0
2026110552	P10129	35	女	2026/11/24	R51	165.82	157.96	323.78	0
2026110553	P10243	37	男	2026/11/25	N94.6	101.1	275.21	376.31	0
2026110554	P10080	63	男	2026/11/26	I10	430.74	464.9	895.65	1
2026110555	P10065	64	男	2026/11/27	I10	411.83	345.6	757.43	1
2026110556	P10244	26	女	2026/11/28	J06.9	127.49	266.88	394.38	0
2026110557	P10414	24	男	2026/11/29	N94.6	134	321.8	455.8	0
2026110558	P10274	48	男	2026/11/30	E11.9	402.26	424.25	826.51	1
2026120559	P10134	64	男	2026/12/1	I10	226.36	511.83	738.2	1
2026120560	P10274	54	男	2026/12/2	I10	411.33	624.97	1036.3	1
2026120561	P10150	30	女	2026/12/3	N94.6	170.69	294.16	464.85	0
2026120562	P10128	84	女	2026/12/4	I10	423.86	508.64	932.5	1
2026120563	P10123	52	男	2026/12/5	J06.9	137.8	236	373.8	0
2026120564	P10273	23	男	2026/12/6	H10.9	99.65	254.39	354.04	0
2026120565	P10317	59	男	2026/12/7	J06.9	131.45	217.25	348.7	0
2026120566	P10415	30	男	2026/12/8	R51	121.8	160.32	282.12	0
2026120567	P10008	20	男	2026/12/9	J06.9	75.77	146.08	221.86	0
2026120568	P10017	39	女	2026/12/14	E11.9	508.33	487.88	996.21	1
2026120569	P10241	46	男	2026/12/15	I20	596.51	592.27	1188.79	1
2026120570	P10416	27	男	2026/12/16	J06.9	137.91	139.72	277.63	0
2026120571	P10049	35	男	2026/12/17	J06.9	144.51	189.7	334.21	0
2026120572	P10323	60	女	2026/12/18	K21.9	287.88	340.91	628.79	0
2026120573	P10185	29	女	2026/12/19	L30.9	105.67	125.37	231.04	0
2026120574	P10086	37	女	2026/12/20	K21.9	234.14	274.97	509.11	0
2026120575	P10080	67	男	2026/12/25	E11.9	365.89	376.3	742.19	1
2026120576	P10417	33	男	2026/12/26	I10	317.4	492.53	809.94	1
2026120577	P10286	42	男	2026/12/27	K21.9	266.14	364.72	630.86	0
2026120578	P10184	49	男	2026/12/28	K21.9	196.05	217.25	413.3	0
2026120579	P10251	50	女	2026/12/29	I20	459.19	634.51	1093.71	1
2026120580	P10418	73	男	2026/12/30	I10	269.12	452.84	721.96	1
2026120581	P10327	41	女	2026/12/31	J06.9	123.98	277.97	401.95	1
2027010582	P10165	35	女	2027/1/1	K21.9	242.52	300.1	542.62	0
2027010583	P10283	67	女	2027/1/2	I10	291.27	480.04	771.31	1
2027010584	P10023	75	女	2027/1/3	H10.9	104.67	330.2	434.88	1
2027010585	P10293	47	女	2027/1/4	M54.5	235.69	411.91	647.6	0
2027010586	P10114	29	男	2027/1/5	N94.6	101.2	364.81	466.01	0
2027010587	P10419	20	女	2027/1/6	H10.9	75.82	210.33	286.16	0
2027010588	P10363	49	女	2027/1/7	I10	337.94	479.35	817.29	1
2027010589	P10111	52	女	2027/1/8	R51	116.29	274.3	390.6	0
2027010590	P10128	21	女	2027/1/9	N94.6	176.25	282.07	458.32	0
2027010591	P10296	56	女	2027/1/10	E11.9	447.85	467.69	915.55	1
2027010592	P10206	25	男	2027/1/11	J06.9	107.07	191.27	298.34	0
2027010593	P10167	39	男	2027/1/15	H10.9	108.32	243.76	352.08	0
2027010594	P10280	68	男	2027/1/16	I20	630.58	886.74	1517.32	1
2027010595	P10420	56	男	2027/1/21	R51	172.34	245.85	418.2	0
2027010596	P10114	59	男	2027/1/22	I20	506.96	800.95	1307.91	1
2027010597	P10421	56	男	2027/1/23	I10	315.44	374.58	690.02	1
2027010598	P10132	20	男	2027/1/24	H10.9	77.79	188.97	266.76	0
2027010599	P10406	26	女	2027/1/25	J06.9	91.91	260.22	352.13	0
2027010600	P10329	60	男	2027/1/26	E11.9	530.97	456.78	987.75	1
2027010601	P10179	36	女	2027/1/27	L30.9	84.34	234.75	319.08	0
2027010602	P10309	20	女	2027/1/28	L30.9	88.23	175.35	263.58	0
2027010603	P10290	70	女	2027/1/29	I10	345.55	421.18	766.73	1
2027010604	P10229	56	男	2027/1/30	K21.9	255.19	235.46	490.65	0
2027010605	P10173	64	男	2027/1/31	I10	352	352.57	704.57	1
2027020606	P10397	73	女	2027/2/1	M54.5	352.3	461.55	813.86	1
2027020607	P10288	33	男	2027/2/2	M54.5	286.73	337.03	623.76	0
2027020608	P10295	45	女	2027/2/3	I10	342.71	437.74	780.45	1
2027020609	P10013	20	女	2027/2/4	K21.9	157.85	242.95	400.8	0
2027020610	P10226	77	女	2027/2/5	I10	430.91	426.49	857.39	1
2027020611	P10422	71	男	2027/2/6	I20	605.45	628.67	1234.12	1
2027020612	P10412	59	男	2027/2/7	I10	317.56	335.97	653.54	1
2027020613	P10268	43	男	2027/2/8	K21.9	235.8	329.48	565.28	0
2027020614	P10193	20	男	2027/2/9	N94.6	149.72	187.83	337.54	0
2027020615	P10317	85	男	2027/2/10	E11.9	509.89	599.07	1108.96	1
2027020616	P10338	56	男	2027/2/11	E11.9	353.13	387.18	740.31	1
2027020617	P10423	26	男	2027/2/12	L30.9	82.84	176.3	259.14	0
2027020618	P10424	68	男	2027/2/13	I10	438.28	446.29	884.56	1
2027020619	P10351	62	女	2027/2/14	E11.9	506.5	385.44	891.94	1
2027020620	P10425	28	女	2027/2/15	L30.9	106.62	208.9	315.51	1
2027020621	P10078	43	女	2027/2/16	E11.9	404.18	332.36	736.55	1
2027020622	P10321	52	女	2027/2/17	M54.5	247.47	439.45	686.93	0
2027020623	P10230	43	女	2027/2/18	N94.6	122.49	231.13	353.62	0
2027020624	P10426	61	男	2027/2/19	J06.9	155.69	280.68	436.38	1
2027020625	P10035	40	男	2027/2/20	N94.6	194.86	223.68	418.54	0
2027020626	P10392	47	女	2027/2/21	E11.9	562.24	509.47	1071.7	1
2027020627	P10427	48	女	2027/2/22	I10	247.09	353.04	600.13	0
2027020628	P10314	63	女	2027/2/26	I20	497.78	787.43	1285.2	1
2027020629	P10258	31	男	2027/2/27	H10.9	107.74	236.3	344.04	0
2027020630	P10084	75	男	2027/2/28	I20	477.57	857	1334.57	0
2027030631	P10381	20	女	2027/3/1	M54.5	171.51	306.82	478.33	0
2027030632	P10428	60	女	2027/3/6	H10.9	156.34	235.55	391.89	0
2027030633	P10429	31	女	2027/3/7	J06.9	137.44	204.74	342.18	0
2027030634	P10020	26	男	2027/3/8	J06.9	88.5	246.82	335.32	0
2027030635	P10430	20	女	2027/3/13	J06.9	101.76	98.87	200.63	0
2027030636	P10424	30	男	2027/3/14	E11.9	324.54	340.94	665.48	1
2027030637	P10431	69	女	2027/3/15	I10	343.65	405.25	748.9	1
2027030638	P10202	36	女	2027/3/16	J06.9	93.19	133.06	226.25	0
2027030639	P10233	44	女	2027/3/17	I10	270.11	504.46	774.58	1
2027030640	P10047	44	女	2027/3/18	I10	295.68	417.06	712.74	1
2027030641	P10262	39	女	2027/3/19	M54.5	181.07	408.02	589.09	0
2027030642	P10338	63	男	2027/3/20	H10.9	101.85	191.44	293.29	0
2027030643	P10374	36	女	2027/3/21	K21.9	212.6	318.78	531.38	0
2027030644	P10319	21	女	2027/3/22	K21.9	137.41	271.07	408.48	0
2027030645	P10253	62	女	2027/3/23	I20	574.73	713.41	1288.14	1
2027030646	P10126	20	男	2027/3/24	L30.9	69.02	174.87	243.88	0
2027030647	P10029	20	女	2027/3/25	M54.5	141.61	423.69	565.3	0
2027030648	P10045	59	女	2027/3/26	I10	310.31	387.05	697.37	1
2027030649	P10305	26	男	2027/3/27	N94.6	145.28	365.73	511.01	0
2027030650	P10394	65	女	2027/3/28	E11.9	441.16	422.76	863.92	1
2027030651	P10150	71	女	2027/3/29	J06.9	71.84	314.02	385.87	1
2027030652	P10108	61	男	2027/3/30	M54.5	189.91	492.77	682.68	1
2027040653	P10310	33	男	2027/4/4	R51	191.68	186.32	378	0
2027040654	P10320	38	女	2027/4/5	E11.9	329.1	408.4	737.51	1
2027040655	P10093	63	男	2027/4/6	L30.9	82.47	160.08	242.55	0
2027040656	P10408	60	女	2027/4/7	I10	406.58	593.86	1000.43	1
2027040657	P10287	30	男	2027/4/8	H10.9	90.12	233.79	323.91	0
2027040658	P10154	34	男	2027/4/9	J06.9	79.92	98.19	178.11	0
2027040659	P10316	41	男	2027/4/10	R51	184.12	180	364.12	0
2027040660	P10432	42	男	2027/4/15	M54.5	248.76	429.69	678.46	0
2027040661	P10402	20	男	2027/4/16	H10.9	130.45	142.56	273.01	0
2027040662	P10285	23	女	2027/4/17	N94.6	110.56	308.45	419	0
2027040663	P10077	54	男	2027/4/18	E11.9	329.34	531.49	860.83	1
2027040664	P10200	59	男	2027/4/19	I20	463.59	804.5	1268.09	1
2027040665	P10140	20	女	2027/4/20	J06.9	89.73	132.78	222.51	0
2027040666	P10090	61	男	2027/4/23	I10	394.47	589.34	983.81	1
2027040667	P10248	21	女	2027/4/24	L30.9	62.67	136.67	199.34	0
2027040668	P10168	78	女	2027/4/25	I10	445.49	650.5	1095.99	1
2027040669	P10371	28	男	2027/4/26	I10	260.87	525.88	786.74	1
2027040670	P10305	41	男	2027/4/27	L30.9	80.4	234.54	314.94	0
2027040671	P10012	37	女	2027/4/28	N94.6	129.25	372.75	502	0
2027040672	P10164	20	男	2027/4/29	K21.9	225.6	229.08	454.68	0
2027040673	P10433	61	男	2027/4/30	I20	519.42	658.08	1177.5	1
2027050674	P10126	55	男	2027/5/1	I10	281.95	610.25	892.19	1
2027050675	P10346	43	女	2027/5/2	I10	280.87	330.72	611.59	1
2027050676	P10434	33	女	2027/5/3	M54.5	205.05	447.27	652.32	0
2027050677	P10387	26	男	2027/5/4	K21.9	218.71	203.28	421.99	0
2027050678	P10159	71	男	2027/5/5	M54.5	337.31	454.01	791.32	1
2027050679	P10435	39	女	2027/5/6	L30.9	83.11	203.92	287.02	0
2027050680	P10436	75	女	2027/5/7	I10	346.7	476.38	823.09	1
2027050681	P10310	33	男	2027/5/8	N94.6	145.52	271.3	416.81	0
2027050682	P10037	26	女	2027/5/9	K21.9	213.82	260.55	474.37	0
2027050683	P10247	24	女	2027/5/10	J06.9	77.35	241.76	319.11	0
2027050684	P10404	62	男	2027/5/11	E11.9	525.62	371.42	897.05	1
2027050685	P10429	20	女	2027/5/12	J06.9	98.29	173.32	271.62	0
2027050686	P10208	68	男	2027/5/13	I10	252.79	620.41	873.2	1
2027050687	P10339	57	女	2027/5/14	I10	264.22	370.72	634.94	1
2027050688	P10437	39	男	2027/5/15	M54.5	239.39	356.51	595.9	0
2027050689	P10163	65	女	2027/5/16	E11.9	560.91	490.4	1051.31	1
2027050690	P10438	51	男	2027/5/20	M54.5	265.95	495.35	761.3	0
2027050691	P10439	39	男	2027/5/21	M54.5	312.58	369.99	682.57	0
2027050692	P10360	37	女	2027/5/22	N94.6	160.08	337.22	497.3	0
2027050693	P10089	20	女	2027/5/23	J06.9	61.94	159.23	221.17	0
2027050694	P10344	67	女	2027/5/24	I10	229.63	561.28	790.91	1
2027050695	P10070	67	女	2027/5/25	I10	372.79	482.1	854.89	1
2027050696	P10218	40	女	2027/5/26	M54.5	240.88	384.82	625.7	0
2027050697	P10218	30	女	2027/5/27	N94.6	149.9	350.89	500.8	0
2027050698	P10280	20	男	2027/5/28	N94.6	93.01	186.82	279.83	0
2027050699	P10354	71	女	2027/5/29	I10	399.67	528.9	928.57	1
2027050700	P10265	57	男	2027/5/30	I10	410.11	354.29	764.4	1
2027050701	P10440	37	女	2027/5/31	M54.5	325.76	400.9	726.66	1
2027060702	P10441	55	女	2027/6/1	J06.9	157.01	279.12	436.13	0
2027060703	P10442	31	女	2027/6/2	K21.9	224	202.73	426.73	0
2027060704	P10150	20	女	2027/6/3	H10.9	111.33	173.72	285.05	0
2027060705	P10443	41	女	2027/6/4	I10	257.48	560.14	817.62	0
2027060706	P10303	47	男	2027/6/5	K21.9	257.58	283.54	541.13	0
2027060707	P10093	24	男	2027/6/6	K21.9	256.96	247.08	504.04	0
2027060708	P10444	61	女	2027/6/7	K21.9	234.2	305.68	539.88	1
2027060709	P10296	20	女	2027/6/8	K21.9	181.59	295.61	477.19	0
2027060710	P10205	68	女	2027/6/9	J06.9	111.29	330.2	441.5	1
2027060711	P10200	39	男	2027/6/10	J06.9	64.19	272.69	336.88	1
2027060712	P10162	36	女	2027/6/15	R51	164.92	153.03	317.95	0
2027060713	P10445	46	女	2027/6/16	E11.9	377.78	329.25	707.02	1
2027060714	P10384	68	男	2027/6/17	I20	609.19	833.51	1442.7	1
2027060715	P10446	44	男	2027/6/18	M54.5	322.66	308.44	631.1	0
2027060716	P10113	53	女	2027/6/19	K21.9	199.99	220.25	420.24	0
2027060717	P10428	66	女	2027/6/20	I20	587.46	606.29	1193.75	1
2027060718	P10193	47	男	2027/6/21	M54.5	341.53	427.68	769.2	0
2027060719	P10130	49	女	2027/6/22	E11.9	486.05	329.32	815.37	1
2027060720	P10342	39	男	2027/6/27	K21.9	197.52	231.23	428.75	0
2027060721	P10171	43	女	2027/6/28	R51	127.71	276	403.71	0
2027060722	P10447	39	女	2027/6/29	I10	296.92	341.45	638.37	1
2027060723	P10227	23	男	2027/6/30	K21.9	151.43	196.34	347.77	0
2027070724	P10255	68	男	2027/7/1	I10	374	661.05	1035.05	1
2027070725	P10201	29	男	2027/7/2	N94.6	143.2	366.64	509.85	0
2027070726	P10448	26	男	2027/7/3	N94.6	93.31	363.47	456.78	0
2027070727	P10184	55	男	2027/7/4	E11.9	403.89	334.37	738.25	1
2027070728	P10437	44	男	2027/7/5	R51	110.21	223.32	333.53	0
2027070729	P10021	28	男	2027/7/6	R51	156.11	183.14	339.25	0
2027070730	P10250	50	女	2027/7/7	I10	342.89	546.63	889.51	1
2027070731	P10304	66	男	2027/7/8	I20	539.86	833.74	1373.6	1
2027070732	P10449	20	女	2027/7/9	R51	91.48	180.8	272.28	0
2027070733	P10109	38	男	2027/7/10	H10.9	125.45	216.57	342.01	0
2027070734	P10297	47	男	2027/7/11	I20	428.91	745.86	1174.77	1
2027070735	P10450	75	男	2027/7/12	I20	622.46	592.56	1215.03	1
2027070736	P10088	39	女	2027/7/14	H10.9	84.05	271.26	355.31	0
2027070737	P10033	35	女	2027/7/15	H10.9	107.09	264.93	372.02	0
2027070738	P10351	35	女	2027/7/16	N94.6	110.89	358.1	468.99	0
2027070739	P10172	79	女	2027/7/17	I10	304.46	630.08	934.54	1
2027070740	P10125	40	女	2027/7/18	L30.9	62.44	115	177.44	0
2027070741	P10009	20	男	2027/7/19	L30.9	58.36	90.98	149.33	0
2027070742	P10146	20	男	2027/7/20	J06.9	117.67	229.06	346.73	0
2027070743	P10268	22	男	2027/7/21	J06.9	67.27	122.77	190.04	0
2027070744	P10314	38	女	2027/7/22	R51	161.09	264.71	425.81	0
2027070745	P10061	47	男	2027/7/23	R51	204.6	251.34	455.94	0
2027070746	P10321	34	女	2027/7/26	M54.5	199.13	328.58	527.71	0
2027070747	P10451	62	女	2027/7/27	I10	370.77	347.36	718.13	1
2027070748	P10172	33	女	2027/7/28	M54.5	316.54	376.96	693.49	0
2027070749	P10081	32	女	2027/7/29	K21.9	213.85	214.28	428.13	0
2027070750	P10167	20	男	2027/7/30	J06.9	112.24	251.71	363.94	0
2027070751	P10122	28	男	2027/7/31	K21.9	263.65	258.6	522.25	0
2027080752	P10224	43	男	2027/8/1	I10	391.36	443.04	834.41	1
2027080753	P10324	40	女	2027/8/2	E11.9	367.42	367.18	734.6	1
2027080754	P10057	51	男	2027/8/3	H10.9	118.27	185.34	303.61	0
2027080755	P10405	28	女	2027/8/4	K21.9	275.34	358.25	633.59	0
2027080756	P10211	82	男	2027/8/5	H10.9	138.24	362.21	500.45	1
2027080757	P10374	44	女	2027/8/6	J06.9	140.01	152.56	292.56	0
2027080758	P10452	27	男	2027/8/7	L30.9	106.49	152.09	258.58	0
2027080759	P10202	20	女	2027/8/9	J06.9	116.82	237.83	354.65	0
2027080760	P10007	55	男	2027/8/10	M54.5	248.67	369.37	618.04	0
2027080761	P10453	36	女	2027/8/11	M54.5	178.71	384.02	562.73	0
2027080762	P10454	26	男	2027/8/12	L30.9	78.42	203.19	281.6	0
2027080763	P10441	83	女	2027/8/13	M54.5	275.78	532.35	808.13	1
2027080764	P10358	36	女	2027/8/14	R51	151.16	263.79	414.95	0
2027080765	P10455	57	男	2027/8/15	J06.9	152.99	187.49	340.47	0
2027080766	P10021	44	男	2027/8/16	E11.9	350.69	419.99	770.69	1
2027080767	P10172	64	女	2027/8/17	I20	473.44	720.77	1194.21	1
2027080768	P10456	81	男	2027/8/18	E11.9	632	482.86	1114.86	1
2027080769	P10232	22	女	2027/8/19	J06.9	93.43	113.33	206.76	0
2027080770	P10150	71	女	2027/8/20	J06.9	100.27	271.03	371.3	1
2027080771	P10453	49	女	2027/8/22	J06.9	60.63	292.17	352.8	0
2027080772	P10058	36	女	2027/8/24	M54.5	244.28	465.5	709.78	0
2027080773	P10350	33	女	2027/8/25	N94.6	109.24	259.91	369.15	0
2027080774	P10033	71	女	2027/8/26	I10	416.26	635.81	1052.07	1
2027080775	P10336	54	女	2027/8/27	M54.5	230.33	447.98	678.31	0
2027080776	P10156	20	男	2027/8/28	N94.6	170.85	235.17	406.01	0
2027080777	P10148	31	女	2027/8/29	K21.9	150.03	258.45	408.47	0
2027080778	P10457	62	女	2027/8/30	I20	482.93	790.8	1273.73	1
2027080779	P10060	59	女	2027/8/31	I10	288.34	370.05	658.39	1
2027090780	P10018	54	男	2027/9/1	M54.5	369.8	352.66	722.46	0
2027090781	P10013	38	女	2027/9/5	J06.9	98.94	127.79	226.73	0
2027090782	P10379	20	女	2027/9/6	N94.6	135.67	296.5	432.17	0
2027090783	P10458	44	男	2027/9/7	K21.9	264.47	392.15	656.61	0
2027090784	P10021	67	男	2027/9/8	I10	352.07	445.4	797.47	1
2027090785	P10048	63	男	2027/9/9	E11.9	504.02	378.02	882.04	1
2027090786	P10101	72	女	2027/9/10	I10	356.91	503.02	859.93	1
2027090787	P10100	51	女	2027/9/11	J06.9	116.38	213.44	329.82	0
2027090788	P10367	39	女	2027/9/12	H10.9	105.34	204.9	310.24	0
2027090789	P10459	64	男	2027/9/13	I20	646.87	809.15	1456.02	1
2027090790	P10373	20	女	2027/9/14	R51	128.14	256.02	384.16	0
2027090791	P10107	61	男	2027/9/15	E11.9	604.54	447.59	1052.13	1
2027090792	P10210	48	女	2027/9/20	M54.5	212.85	348.38	561.23	0
2027090793	P10460	35	男	2027/9/21	H10.9	97.76	218	315.75	0
2027090794	P10253	20	女	2027/9/22	N94.6	131.71	184.83	316.54	1
2027090795	P10461	47	女	2027/9/23	I10	344.84	399.83	744.67	1
2027090796	P10392	70	女	2027/9/26	E11.9	630.87	360.35	991.22	1
2027090797	P10445	64	女	2027/9/27	I20	601.64	887.35	1489	1
2027090798	P10009	43	男	2027/9/28	H10.9	92.77	161.16	253.93	0
2027090799	P10084	60	男	2027/9/29	I10	299.46	539.96	839.42	1
2027090800	P10328	38	女	2027/9/30	R51	149.87	262.32	412.19	0
2027100801	P10279	69	女	2027/10/1	E11.9	434.02	537	971.02	1
2027100802	P10186	53	男	2027/10/2	I10	336.55	582.55	919.1	0
2027100803	P10249	36	男	2027/10/3	J06.9	139.25	129.95	269.2	0
2027100804	P10462	25	男	2027/10/4	J06.9	130.98	114.06	245.05	0
2027100805	P10354	48	女	2027/10/5	E11.9	524.43	497.06	1021.49	1
2027100806	P10364	50	男	2027/10/6	E11.9	510.42	339.91	850.33	1
2027100807	P10158	62	男	2027/10/7	I10	250.91	359.18	610.08	1
2027100808	P10397	25	女	2027/10/8	J06.9	86.14	128.82	214.97	0
2027100809	P10241	75	男	2027/10/9	I10	294.46	375.85	670.31	1
2027100810	P10309	56	女	2027/10/10	I20	626.65	599.87	1226.52	1
2027100811	P10463	34	女	2027/10/11	R51	130.74	168.86	299.6	0
2027100812	P10292	54	女	2027/10/12	I10	389.39	566	955.39	1
2027100813	P10464	64	男	2027/10/13	R51	123.05	203.95	327.01	1
2027100814	P10302	66	男	2027/10/14	I20	604.22	601.38	1205.6	1
2027100815	P10117	55	女	2027/10/19	J06.9	135.6	175.07	310.67	0
2027100816	P10185	22	女	2027/10/20	M54.5	237.9	280.39	518.29	0
2027100817	P10308	43	男	2027/10/21	K21.9	256.85	373.74	630.59	0
2027100818	P10465	47	男	2027/10/22	H10.9	147.62	279.83	427.45	0
2027100819	P10346	36	女	2027/10/23	J06.9	59.31	183.86	243.17	0
2027100820	P10206	60	男	2027/10/24	M54.5	380.07	493.12	873.18	0
2027100821	P10102	47	男	2027/10/25	E11.9	464.45	515.57	980.01	1
2027100822	P10143	56	女	2027/10/26	K21.9	286.09	344.23	630.32	0
2027100823	P10466	79	女	2027/10/27	M54.5	406.33	594.52	1000.85	1
2027100824	P10063	61	男	2027/10/28	I20	551.9	760.8	1312.7	1
2027100825	P10035	26	男	2027/10/29	J06.9	48.99	126.31	175.3	0
2027100826	P10320	77	女	2027/10/30	I10	255.13	622.7	877.83	1
2027100827	P10339	66	女	2027/10/31	J06.9	113.54	235.59	349.13	1
2027110828	P10392	53	女	2027/11/1	I10	304.68	611.82	916.5	1
2027110829	P10236	54	女	2027/11/2	I10	251.85	532.67	784.52	1
2027110830	P10221	56	男	2027/11/3	I10	370.6	481.94	852.53	1
2027110831	P10351	20	女	2027/11/4	N94.6	132.28	281.21	413.49	0
2027110832	P10303	21	男	2027/11/5	R51	146.33	183.64	329.97	0
2027110833	P10024	47	男	2027/11/6	I10	282.85	561.87	844.71	1
2027110834	P10195	50	女	2027/11/7	I10	282.48	427.57	710.05	1
2027110835	P10332	54	男	2027/11/8	E11.9	343.72	468.23	811.95	1
2027110836	P10276	58	女	2027/11/9	E11.9	452.6	515.21	967.81	1
2027110837	P10241	40	男	2027/11/13	N94.6	198.58	275.55	474.12	0
2027110838	P10467	40	男	2027/11/14	E11.9	425.69	452.98	878.67	1
2027110839	P10224	74	男	2027/11/15	I20	616.69	926.91	1543.61	1
2027110840	P10136	57	女	2027/11/16	I10	433.18	456.36	889.54	1
2027110841	P10433	27	男	2027/11/17	N94.6	148.84	238.12	386.96	0
2027110842	P10178	48	男	2027/11/18	K21.9	257.64	270.78	528.42	0
2027110843	P10103	20	男	2027/11/19	J06.9	67.61	182.77	250.38	0
2027110844	P10468	31	男	2027/11/20	N94.6	115.84	374.76	490.6	0
2027110845	P10469	40	女	2027/11/21	R51	172.66	158.98	331.64	0
2027110846	P10383	52	男	2027/11/22	M54.5	222.66	410.3	632.96	0
2027110847	P10105	35	男	2027/11/23	H10.9	96.22	188.23	284.45	0
2027110848	P10123	85	男	2027/11/24	I10	292.02	457.75	749.77	1
2027110849	P10224	22	男	2027/11/25	J06.9	127.91	127.76	255.68	0
2027110850	P10143	37	女	2027/11/26	M54.5	182.42	463.45	645.87	0
2027110851	P10441	20	女	2027/11/27	L30.9	70.95	130.23	201.18	0
2027120852	P10454	53	男	2027/12/1	I10	413.89	550.89	964.79	1
2027120853	P10062	22	女	2027/12/2	J06.9	120.94	263.84	384.78	0
2027120854	P10470	54	男	2027/12/3	K21.9	210.8	392.12	602.92	0
2027120855	P10217	79	女	2027/12/4	I20	503.53	674.26	1177.79	1
2027120856	P10471	23	女	2027/12/5	N94.6	155.52	203.67	359.19	0
2027120857	P10143	20	女	2027/12/6	L30.9	104.6	139	243.6	0
2027120858	P10464	31	男	2027/12/7	N94.6	175.86	317.48	493.35	0
2027120859	P10123	59	男	2027/12/8	I20	522.25	757.39	1279.64	1
2027120860	P10122	42	男	2027/12/10	H10.9	108.26	289.33	397.6	0
2027120861	P10422	42	男	2027/12/14	K21.9	196.56	375.6	572.16	0
2027120862	P10416	21	男	2027/12/15	K21.9	190.9	187.13	378.04	0
2027120863	P10472	48	女	2027/12/16	L30.9	83.16	169.89	253.05	0
2027120864	P10134	70	男	2027/12/17	J06.9	97.96	253.49	351.45	1
2027120865	P10015	32	男	2027/12/18	K21.9	236.36	227.28	463.64	0
2027120866	P10103	39	男	2027/12/19	M54.5	211.68	314.86	526.54	0
2027120867	P10473	35	男	2027/12/20	H10.9	124.8	262.17	386.98	0
2027120868	P10134	64	男	2027/12/21	I10	356.84	446.07	802.9	1
2027120869	P10202	34	女	2027/12/22	L30.9	113.18	225.67	338.86	0
2027120870	P10474	85	男	2027/12/25	E11.9	628.37	379.7	1008.07	1
2027120871	P10189	57	女	2027/12/26	I10	340.09	330.09	670.19	1
2027120872	P10475	50	女	2027/12/27	I10	359.85	375.02	734.87	1
2027120873	P10254	20	女	2027/12/28	J06.9	83.82	127.19	211.01	0
2027120874	P10097	20	女	2027/12/29	J06.9	81.77	116.27	198.04	0
2027120875	P10465	64	男	2027/12/30	I20	578.57	777.47	1356.04	1
2027120876	P10476	71	女	2027/12/31	M54.5	338.03	510.15	848.18	1
2028010877	P10031	53	男	2028/1/1	I10	411.32	469.96	881.28	1
2028010878	P10411	29	女	2028/1/2	N94.6	165.21	197.6	362.81	0
2028010879	P10203	44	男	2028/1/3	M54.5	179.98	488.01	667.99	0
2028010880	P10253	59	女	2028/1/4	R51	205.63	185.92	391.55	0
2028010881	P10060	85	女	2028/1/5	E11.9	667.17	489.81	1156.98	1
2028010882	P10221	47	男	2028/1/6	E11.9	537.41	437.38	974.78	1
2028010883	P10458	54	男	2028/1/7	I10	371.69	478.7	850.39	1
2028010884	P10477	72	女	2028/1/8	I10	266.48	427.99	694.47	1
2028010885	P10224	68	男	2028/1/9	I10	432.1	511.26	943.36	1
2028010886	P10058	66	女	2028/1/14	H10.9	158.97	190.46	349.43	1
2028010887	P10087	47	男	2028/1/15	K21.9	282.95	323.59	606.55	0
2028010888	P10478	27	男	2028/1/16	J06.9	53.93	237.16	291.1	0
2028010889	P10349	48	男	2028/1/17	R51	116.69	214.28	330.96	0
2028010890	P10015	73	男	2028/1/18	I10	426.55	580.01	1006.56	1
2028010891	P10023	57	女	2028/1/20	M54.5	369.09	396.01	765.1	0
2028010892	P10479	70	男	2028/1/21	I20	471.2	797.06	1268.25	1
2028010893	P10309	56	女	2028/1/22	J06.9	97.08	146.45	243.53	0
2028010894	P10437	76	男	2028/1/23	I20	563.69	732.45	1296.13	1
2028010895	P10252	57	女	2028/1/26	H10.9	142.69	312.76	455.45	0
2028010896	P10050	42	女	2028/1/27	H10.9	117.04	225.68	342.72	0
2028010897	P10217	57	女	2028/1/28	I10	308.69	445.36	754.05	1
2028010898	P10263	57	女	2028/1/29	E11.9	451.23	374.16	825.39	1
2028010899	P10323	63	女	2028/1/30	M54.5	185.98	438.91	624.89	1
2028010900	P10066	32	女	2028/1/31	M54.5	201.68	335.74	537.42	0
2028020901	P10470	64	男	2028/2/1	I10	248.11	478.77	726.88	1
2028020902	P10130	49	女	2028/2/2	E11.9	466.48	474.15	940.63	0
2028020903	P10403	65	女	2028/2/3	I20	538.42	590.61	1129.03	1
2028020904	P10233	55	女	2028/2/4	K21.9	233.8	388.68	622.49	0
2028020905	P10041	42	男	2028/2/7	K21.9	243.01	378.07	621.08	0
2028020906	P10060	60	女	2028/2/8	I10	364.28	481.85	846.13	1
2028020907	P10372	20	男	2028/2/9	J06.9	100.66	265.31	365.97	0
2028020908	P10203	44	男	2028/2/10	H10.9	87.86	173.67	261.53	0
2028020909	P10097	42	女	2028/2/11	H10.9	95.59	249.77	345.36	0
2028020910	P10405	45	女	2028/2/12	N94.6	111.32	362.79	474.12	0
2028020911	P10463	56	女	2028/2/13	I10	367.76	636.29	1004.05	1
2028020912	P10104	58	男	2028/2/14	E11.9	553.03	412.4	965.42	1
2028020913	P10480	34	女	2028/2/15	H10.9	127.65	232.19	359.84	0
2028020914	P10249	66	男	2028/2/16	J06.9	138.38	324.37	462.75	1
2028020915	P10032	33	男	2028/2/17	J06.9	88.97	157.46	246.43	0
2028020916	P10243	63	男	2028/2/18	I10	361.86	550.65	912.51	1
2028020917	P10372	71	男	2028/2/19	I20	541.43	657.92	1199.35	1
2028020918	P10481	62	女	2028/2/23	I10	287.13	569.89	857.02	1
2028020919	P10377	48	女	2028/2/24	E11.9	434.8	513.96	948.76	1
2028020920	P10045	47	女	2028/2/25	M54.5	181.97	351.79	533.77	0
2028020921	P10253	71	女	2028/2/26	E11.9	406.97	357.37	764.34	0
2028020922	P10082	47	男	2028/2/27	I10	384.91	466.83	851.74	1
2028020923	P10117	61	女	2028/2/28	I10	270.53	416.97	687.49	1
2028020924	P10450	22	男	2028/2/29	N94.6	172.56	337.32	509.89	0
2028030925	P10026	42	男	2028/3/1	L30.9	87.13	170.26	257.39	0
2028030926	P10313	20	女	2028/3/2	N94.6	167.25	198.34	365.59	0
2028030927	P10061	20	男	2028/3/3	L30.9	103.19	111.2	214.39	0
2028030928	P10376	30	男	2028/3/4	L30.9	65.79	146.83	212.63	0
2028030929	P10213	58	男	2028/3/5	K21.9	164.58	399.99	564.57	0
2028030930	P10137	54	女	2028/3/6	E11.9	522.92	398.18	921.1	1
2028030931	P10216	33	男	2028/3/7	K21.9	164.72	275.76	440.49	0
2028030932	P10482	71	女	2028/3/8	R51	166.62	306.68	473.3	1
2028030933	P10174	33	男	2028/3/9	E11.9	526.39	321.21	847.61	1
2028030934	P10329	33	男	2028/3/10	I10	303.89	572.55	876.44	1
2028030935	P10483	43	女	2028/3/11	J06.9	119.86	213.88	333.74	0
2028030936	P10484	20	女	2028/3/12	L30.9	86.96	109.83	196.79	0
2028030937	P10485	29	女	2028/3/13	M54.5	309.52	431.22	740.74	0
2028030938	P10019	33	女	2028/3/14	N94.6	134.13	331.74	465.88	0
2028030939	P10110	62	男	2028/3/15	I10	344.5	506.6	851.1	1
2028030940	P10408	23	女	2028/3/16	N94.6	115.17	335.3	450.47	0
2028030941	P10375	44	女	2028/3/17	I10	280.09	497.86	777.95	1
2028030942	P10064	52	男	2028/3/18	J06.9	113.68	107.11	220.78	0
2028030943	P10298	33	女	2028/3/19	N94.6	182.8	314.15	496.96	0
2028030944	P10146	43	男	2028/3/20	M54.5	317.71	420.77	738.48	0
2028030945	P10054	82	女	2028/3/21	E11.9	539.17	562.13	1101.29	1
2028030946	P10425	20	女	2028/3/22	J06.9	53.3	166.48	219.78	0
2028030947	P10347	20	男	2028/3/23	J06.9	97.94	183.41	281.35	0
2028030948	P10217	25	女	2028/3/24	R51	156.23	270.26	426.49	0
2028030949	P10259	59	女	2028/3/25	I10	374.74	371	745.75	1
2028030950	P10109	39	男	2028/3/26	J06.9	52.99	130.71	183.71	0
2028030951	P10210	57	女	2028/3/28	I10	297.2	419.76	716.96	1
2028030952	P10192	60	女	2028/3/29	E11.9	463.63	504.06	967.69	1
2028030953	P10458	36	男	2028/3/30	E11.9	363.45	329.88	693.34	1
2028030954	P10035	46	男	2028/3/31	L30.9	87.61	191.54	279.14	0
2028040955	P10369	28	女	2028/4/5	H10.9	83.94	160.53	244.47	0
2028040956	P10077	52	男	2028/4/6	H10.9	108.93	286.17	395.1	0
2028040957	P10203	60	男	2028/4/7	E11.9	342.6	477.5	820.1	1
2028040958	P10085	51	男	2028/4/8	M54.5	278.94	484.49	763.43	0
2028040959	P10287	66	男	2028/4/9	I10	441.87	522.68	964.55	1
2028040960	P10258	31	男	2028/4/12	L30.9	64.19	229.61	293.8	0
2028040961	P10126	42	男	2028/4/13	H10.9	140.11	239.3	379.41	0
2028040962	P10302	75	男	2028/4/14	I10	437.56	360.7	798.26	1
2028040963	P10486	66	女	2028/4/15	I20	477.91	598.67	1076.58	1
2028040964	P10046	68	男	2028/4/16	I10	445.09	574.08	1019.18	1
2028040965	P10030	53	男	2028/4/19	E11.9	345.79	349.84	695.63	1
2028040966	P10487	77	男	2028/4/20	I10	293.79	567.74	861.53	1
2028040967	P10487	51	男	2028/4/21	I10	223.79	463.62	687.41	1
2028040968	P10120	52	女	2028/4/22	L30.9	64.78	194.1	258.88	0
2028040969	P10334	39	男	2028/4/23	K21.9	194.71	279.94	474.66	0
2028040970	P10073	33	女	2028/4/24	E11.9	527.21	440.43	967.64	1
2028040971	P10488	61	男	2028/4/25	I10	323.69	606.44	930.12	1
2028040972	P10472	21	女	2028/4/27	J06.9	99.36	242.45	341.8	0
2028040973	P10300	46	男	2028/4/28	H10.9	102.68	179.44	282.12	0
2028040974	P10358	52	女	2028/4/29	I10	241.61	494.96	736.57	1
2028040975	P10411	48	女	2028/4/30	E11.9	489.35	383.27	872.61	1
2028050976	P10126	20	男	2028/5/1	M54.5	192.89	307.91	500.81	0
2028050977	P10489	24	男	2028/5/2	N94.6	92.39	185.76	278.16	0
2028050978	P10251	20	女	2028/5/3	K21.9	207.65	321.71	529.36	0
2028050979	P10427	20	女	2028/5/4	H10.9	100.05	151.66	251.71	0
2028050980	P10199	69	男	2028/5/5	I10	404.86	582.93	987.79	0
2028050981	P10490	72	男	2028/5/6	I20	468.59	677.83	1146.42	1
2028050982	P10315	51	男	2028/5/7	M54.5	328.83	363.16	691.99	0
2028050983	P10464	30	男	2028/5/9	M54.5	257.65	286.36	544	0
2028050984	P10143	27	女	2028/5/10	N94.6	139.69	290.18	429.87	0
2028050985	P10290	59	女	2028/5/11	I10	347.81	573.55	921.36	1
2028050986	P10491	53	女	2028/5/14	I20	570.41	849.43	1419.84	1
2028050987	P10287	47	男	2028/5/15	L30.9	62.22	169.81	232.03	0
2028050988	P10492	47	女	2028/5/16	H10.9	112.28	174.15	286.42	0
2028050989	P10023	21	女	2028/5/17	L30.9	66.49	128.23	194.72	0
2028050990	P10100	55	女	2028/5/18	E11.9	559.03	496.15	1055.18	1
2028050991	P10491	62	女	2028/5/19	I10	277.5	387.77	665.27	1
2028050992	P10246	20	女	2028/5/20	J06.9	47.16	233.5	280.66	0
2028050993	P10243	62	男	2028/5/21	I20	519.66	573.13	1092.78	1
2028050994	P10493	31	女	2028/5/22	K21.9	232.83	301.58	534.41	0
2028050995	P10161	20	女	2028/5/23	L30.9	91.44	195.66	287.1	0
2028050996	P10313	40	女	2028/5/24	M54.5	163.16	435.51	598.67	0
2028050997	P10050	71	女	2028/5/25	M54.5	268.22	546.22	814.43	1
2028050998	P10238	47	男	2028/5/26	K21.9	291.86	335.18	627.04	0
2028050999	P10169	23	男	2028/5/28	N94.6	101.38	185.25	286.63	0
2028051000	P10494	53	男	2028/5/29	M54.5	214.34	409.17	623.51	0
2028051001	P10409	76	男	2028/5/30	I10	266.13	560.92	827.05	1
2028051002	P10299	38	女	2028/5/31	L30.9	105.46	120.89	226.35	0
2028061003	P10005	36	男	2028/6/1	J06.9	113.45	126.34	239.79	0
2028061004	P10028	22	女	2028/6/2	J06.9	63.28	127.47	190.75	0
2028061005	P10342	48	男	2028/6/3	J06.9	123.95	201.22	325.17	0
2028061006	P10172	50	女	2028/6/4	M54.5	245.43	349.08	594.5	0
2028061007	P10113	38	女	2028/6/5	L30.9	97.34	201.94	299.29	0
2028061008	P10394	49	女	2028/6/6	R51	139.14	272.76	411.9	0
2028061009	P10495	72	男	2028/6/7	I10	238.96	388.09	627.05	1
2028061010	P10392	46	女	2028/6/8	E11.9	560.14	350.02	910.16	1
2028061011	P10090	74	男	2028/6/9	E11.9	513.19	392.78	905.97	0
2028061012	P10496	57	男	2028/6/10	E11.9	539.09	349.58	888.67	1
2028061013	P10415	85	男	2028/6/11	E11.9	419.98	496.6	916.58	1
2028061014	P10365	51	女	2028/6/12	I10	241.48	609	850.47	1
2028061015	P10192	81	女	2028/6/13	E11.9	490.9	514.81	1005.71	1
2028061016	P10438	29	男	2028/6/14	N94.6	169.12	250.93	420.05	0
2028061017	P10497	58	女	2028/6/15	I20	453.75	698.91	1152.66	1
2028061018	P10385	20	男	2028/6/16	L30.9	94.56	140.53	235.09	0
2028061019	P10270	40	男	2028/6/17	M54.5	293.13	398.96	692.09	0
2028061020	P10498	69	男	2028/6/18	I20	662.93	727.79	1390.72	1
2028061021	P10194	32	男	2028/6/19	N94.6	185.81	263.83	449.64	0
2028061022	P10228	23	男	2028/6/20	J06.9	66.81	99.03	165.84	0
2028061023	P10222	34	男	2028/6/21	J06.9	126.54	158.5	285.04	0
2028061024	P10331	85	男	2028/6/22	I10	465.86	475.74	941.6	1
2028061025	P10142	50	女	2028/6/23	L30.9	69.2	116.24	185.44	0
2028061026	P10169	69	男	2028/6/24	I20	628.65	836.47	1465.13	1
2028061027	P10071	38	男	2028/6/25	R51	173.49	258.36	431.85	0
2028061028	P10422	56	男	2028/6/26	E11.9	593.15	528.3	1121.44	1
2028061029	P10335	47	女	2028/6/27	J06.9	130.53	134.4	264.93	0
2028061030	P10243	54	男	2028/6/28	I20	553.62	712.39	1266.01	1
2028061031	P10044	51	女	2028/6/29	E11.9	366.04	479	845.04	1
2028061032	P10286	39	男	2028/6/30	I10	226.65	559.31	785.97	1
2028071033	P10338	37	男	2028/7/1	H10.9	102.23	209.68	311.91	0
2028071034	P10276	64	女	2028/7/2	E11.9	500.35	463.14	963.48	1
2028071035	P10499	29	女	2028/7/3	R51	113.8	197.12	310.92	0
2028071036	P10292	66	女	2028/7/4	R51	185.21	221.14	406.34	1
2028071037	P10424	26	男	2028/7/5	M54.5	230.38	313.72	544.11	0
2028071038	P10150	23	女	2028/7/9	M54.5	150.06	285.01	435.07	0
2028071039	P10500	62	女	2028/7/10	I10	246.59	511.64	758.22	1
2028071040	P10501	72	男	2028/7/11	I10	279.72	498.41	778.12	1
2028071041	P10481	80	女	2028/7/12	E11.9	420.89	532.03	952.92	1
2028071042	P10502	20	男	2028/7/13	H10.9	110.11	168.32	278.43	0
2028071043	P10237	36	女	2028/7/14	N94.6	170.25	252.43	422.69	0
2028071044	P10365	39	女	2028/7/15	K21.9	207.62	362.86	570.48	0
2028071045	P10317	37	男	2028/7/16	K21.9	215.39	376.43	591.83	0
2028071046	P10485	70	女	2028/7/17	I10	433.67	399.49	833.16	1
2028071047	P10035	54	男	2028/7/18	M54.5	315.1	367.49	682.59	0
2028071048	P10503	20	男	2028/7/20	J06.9	115.16	163.82	278.97	0
2028071049	P10014	77	男	2028/7/21	I10	401.59	622.03	1023.62	1
2028071050	P10504	76	男	2028/7/22	I10	263.07	678.67	941.73	1
2028071051	P10035	52	男	2028/7/23	I10	351.29	544.92	896.21	1
2028071052	P10083	64	女	2028/7/24	I10	228.05	369.77	597.82	1
2028071053	P10040	52	女	2028/7/25	M54.5	161.38	375.93	537.31	0
2028071054	P10458	48	男	2028/7/26	M54.5	200.96	456.92	657.89	0
2028071055	P10367	36	女	2028/7/27	M54.5	167.15	429.31	596.46	0
2028071056	P10194	31	男	2028/7/28	K21.9	276.3	262.56	538.86	0
2028071057	P10008	54	男	2028/7/29	E11.9	372.4	464.16	836.56	1
2028071058	P10426	62	男	2028/7/30	M54.5	327.23	342.77	670	1
2028071059	P10321	70	女	2028/7/31	I20	507.64	761.89	1269.52	1
2028081060	P10183	49	男	2028/8/1	E11.9	317.42	450.18	767.6	0
2028081061	P10337	45	男	2028/8/2	H10.9	128.63	210.48	339.11	0
2028081062	P10307	20	女	2028/8/3	J06.9	134.14	218.26	352.4	0
2028081063	P10049	37	男	2028/8/6	N94.6	195.17	334.17	529.34	0
2028081064	P10326	20	男	2028/8/9	K21.9	227.83	356.04	583.87	0
2028081065	P10467	25	男	2028/8/10	N94.6	127.87	303.51	431.38	0
2028081066	P10505	28	男	2028/8/11	M54.5	309.59	340.06	649.66	0
2028081067	P10031	44	男	2028/8/12	I10	305.74	367.82	673.56	1
2028081068	P10372	37	男	2028/8/13	N94.6	191.67	342.63	534.3	0
2028081069	P10390	54	男	2028/8/14	I10	383.44	454.18	837.62	1
2028081070	P10376	60	男	2028/8/15	E11.9	396.62	448.65	845.27	1
2028081071	P10352	44	男	2028/8/16	M54.5	198.38	484.03	682.41	0
2028081072	P10034	39	男	2028/8/17	H10.9	84.47	177.98	262.45	0
2028081073	P10047	60	女	2028/8/18	I10	340.75	592.43	933.17	1
2028081074	P10240	35	女	2028/8/19	E11.9	468.41	340.26	808.67	1
2028081075	P10230	55	女	2028/8/20	R51	129.15	300.32	429.47	0
2028081076	P10086	25	女	2028/8/24	J06.9	85.35	205.24	290.59	0
2028081077	P10506	21	男	2028/8/25	K21.9	193.77	196.07	389.83	0
2028081078	P10284	34	男	2028/8/26	K21.9	182.94	283.95	466.88	0
2028081079	P10037	77	女	2028/8/27	E11.9	567.28	401.88	969.16	1
2028081080	P10507	52	女	2028/8/28	J06.9	151.12	305.34	456.46	0
2028081081	P10329	31	男	2028/8/29	R51	102.3	270.03	372.33	0
2028081082	P10508	35	男	2028/8/30	K21.9	286.23	345.4	631.62	0
2028081083	P10326	40	男	2028/8/31	M54.5	289.29	430.18	719.47	0
2028091084	P10018	56	男	2028/9/1	L30.9	88.22	222.46	310.68	1
2028091085	P10310	42	男	2028/9/2	J06.9	119.29	152.37	271.65	0
2028091086	P10395	65	男	2028/9/5	I10	385.11	467.22	852.33	1
2028091087	P10097	40	女	2028/9/7	L30.9	69.95	164.03	233.98	0
2028091088	P10454	39	男	2028/9/8	J06.9	80.39	181.41	261.8	0
2028091089	P10326	25	男	2028/9/9	N94.6	166.27	335.63	501.9	0
2028091090	P10358	52	女	2028/9/10	E11.9	579.56	491.07	1070.64	0
2028091091	P10269	33	女	2028/9/11	J06.9	76.07	179.67	255.75	0
2028091092	P10250	64	女	2028/9/12	I20	660.46	711.42	1371.88	1
2028091093	P10094	44	男	2028/9/13	H10.9	95.3	303.39	398.69	0
2028091094	P10509	60	男	2028/9/14	I10	238.86	371.14	610	1
2028091095	P10249	55	男	2028/9/15	M54.5	182.92	335.63	518.55	0
2028091096	P10506	59	男	2028/9/16	I10	265.22	588.6	853.83	1
2028091097	P10510	36	女	2028/9/17	J06.9	82.03	182.17	264.2	0
2028091098	P10511	20	男	2028/9/18	R51	149.86	186.09	335.95	0
2028091099	P10052	70	男	2028/9/19	I10	430.22	483.62	913.85	1
2028091100	P10445	30	女	2028/9/21	N94.6	185.35	332.77	518.12	0
2028091101	P10446	54	男	2028/9/22	J06.9	97.7	147.22	244.92	0
2028091102	P10185	20	女	2028/9/26	L30.9	106.36	189.33	295.69	0
2028091103	P10379	76	女	2028/9/27	M54.5	196.2	454.99	651.19	1
2028091104	P10151	26	男	2028/9/29	N94.6	159.21	347.79	507	0
2028091105	P10017	73	女	2028/9/30	I10	418.66	454.82	873.48	1
2028101106	P10512	20	女	2028/10/1	R51	133.4	207.99	341.39	0
2028101107	P10513	67	男	2028/10/2	I10	452.49	350.45	802.94	1
2028101108	P10288	54	男	2028/10/3	I20	483.13	687.89	1171.03	1
2028101109	P10504	52	男	2028/10/4	I10	358.66	595.28	953.94	1
2028101110	P10352	83	男	2028/10/5	E11.9	582.42	543.35	1125.77	1
2028101111	P10448	26	男	2028/10/6	H10.9	88.95	155.64	244.59	0
2028101112	P10193	42	男	2028/10/7	K21.9	169.09	276.28	445.37	0
2028101113	P10195	47	女	2028/10/9	H10.9	153.79	204.87	358.66	0
2028101114	P10228	65	男	2028/10/10	I10	227.07	625.17	852.24	1
2028101115	P10225	38	女	2028/10/11	J06.9	94.62	218.09	312.71	0
2028101116	P10514	30	男	2028/10/12	N94.6	124.34	378.16	502.51	0
2028101117	P10221	83	男	2028/10/17	J06.9	146.3	213.04	359.34	1
2028101118	P10515	44	男	2028/10/18	M54.5	163.72	482.55	646.27	0
2028101119	P10164	41	男	2028/10/19	R51	155.57	201.61	357.18	0
2028101120	P10290	70	女	2028/10/24	E11.9	610.38	506.25	1116.64	1
2028101121	P10056	52	女	2028/10/25	H10.9	137.45	231.75	369.2	0
2028101122	P10299	42	女	2028/10/26	L30.9	73.31	222.86	296.17	0
2028101123	P10105	54	男	2028/10/27	M54.5	372.04	352.59	724.62	0
2028101124	P10516	46	男	2028/10/28	I10	406.68	364.51	771.18	1
2028111125	P10153	69	男	2028/11/1	M54.5	264.26	351.28	615.55	1
2028111126	P10177	27	女	2028/11/2	M54.5	210.44	409.87	620.31	0
2028111127	P10392	59	女	2028/11/3	E11.9	507.31	408.94	916.26	1
2028111128	P10231	50	男	2028/11/4	I10	330.33	495.38	825.7	1
2028111129	P10186	33	男	2028/11/5	J06.9	144.75	232.13	376.87	0
2028111130	P10190	41	男	2028/11/6	J06.9	120.67	179.65	300.33	0
2028111131	P10066	41	女	2028/11/7	J06.9	109.01	243.96	352.98	0
2028111132	P10121	69	女	2028/11/8	I20	595.19	634.31	1229.5	1
2028111133	P10132	40	男	2028/11/9	N94.6	165.26	217.56	382.83	0
2028111134	P10128	44	女	2028/11/10	J06.9	88.08	213.06	301.15	0
2028111135	P10048	33	男	2028/11/12	R51	146.63	258.06	404.69	0
2028111136	P10321	54	女	2028/11/13	J06.9	159	182.35	341.36	0
2028111137	P10046	76	男	2028/11/14	I20	516.39	696.1	1212.48	1
2028111138	P10285	45	女	2028/11/17	I10	332.57	330.37	662.94	1
2028111139	P10517	67	女	2028/11/18	I10	284.7	485.33	770.03	1
2028111140	P10276	50	女	2028/11/19	R51	178.16	187.84	366	0
2028111141	P10518	29	男	2028/11/20	J06.9	61.75	282.07	343.83	0
2028111142	P10080	75	男	2028/11/21	E11.9	508.62	513.24	1021.85	1
2028111143	P10342	38	男	2028/11/22	K21.9	170.23	356.02	526.25	0
2028111144	P10519	40	女	2028/11/23	R51	178.27	168.53	346.8	0
2028111145	P10502	57	男	2028/11/24	I10	292.71	511.74	804.45	1
2028111146	P10050	60	女	2028/11/25	I10	428.23	458.56	886.79	1
2028111147	P10520	20	女	2028/11/26	J06.9	56.48	91.71	148.19	0
2028111148	P10388	20	女	2028/11/27	N94.6	114.06	345.32	459.38	0
2028111149	P10429	68	女	2028/11/28	M54.5	212.75	566.86	779.61	1
2028111150	P10439	20	男	2028/11/29	J06.9	109.66	256.29	365.95	0
2028111151	P10313	20	女	2028/11/30	J06.9	73.15	106.23	179.37	0
2028121152	P10521	34	男	2028/12/1	I10	249.46	561.51	810.97	1
2028121153	P10522	22	男	2028/12/2	J06.9	92.37	272.63	364.99	0
2028121154	P10195	20	女	2028/12/3	L30.9	94.28	186.41	280.69	0
2028121155	P10044	41	女	2028/12/4	N94.6	197.45	336.58	534.03	0
2028121156	P10077	70	男	2028/12/5	E11.9	383.33	426.26	809.59	1
2028121157	P10116	44	女	2028/12/6	E11.9	479.16	475.67	954.83	1
2028121158	P10495	85	男	2028/12/7	E11.9	432.75	548.32	981.07	1
2028121159	P10037	55	女	2028/12/8	R51	203.44	298.05	501.49	0
2028121160	P10306	50	女	2028/12/9	E11.9	316.35	501.94	818.29	1
2028121161	P10504	40	男	2028/12/10	I20	505.82	769.55	1275.37	1
2028121162	P10257	85	女	2028/12/12	I20	586.86	722.49	1309.35	1
2028121163	P10523	24	女	2028/12/13	M54.5	218.84	301.74	520.58	0
2028121164	P10524	40	男	2028/12/14	I10	256.98	340.1	597.08	1
2028121165	P10204	56	男	2028/12/15	R51	211.65	321.23	532.88	0
2028121166	P10131	85	男	2028/12/16	E11.9	601.6	583.53	1185.13	1
2028121167	P10111	56	女	2028/12/21	K21.9	182.43	290.33	472.76	1
2028121168	P10351	46	女	2028/12/22	J06.9	113	104.65	217.65	0
2028121169	P10440	70	女	2028/12/23	I20	495.07	751.38	1246.45	1
2028121170	P10525	57	男	2028/12/24	M54.5	255.88	428.33	684.21	0
2028121171	P10186	72	男	2028/12/25	I20	662.33	798.86	1461.19	1
2028121172	P10281	43	男	2028/12/26	R51	195.8	217.15	412.96	0
2028121173	P10418	37	男	2028/12/27	J06.9	118.22	291.58	409.8	1
2028121174	P10438	44	男	2028/12/28	M54.5	215.08	360.93	576	0
2028121175	P10328	20	女	2028/12/29	L30.9	63.81	90.07	153.89	0
2028121176	P10287	20	男	2028/12/30	L30.9	59.44	114.95	174.39	0
2028121177	P10100	20	女	2028/12/31	M54.5	257.93	408.68	666.62	0
2029011178	P10526	64	女	2029/1/1	I20	509.81	756.33	1266.15	1
2029011179	P10124	48	女	2029/1/2	I10	409.41	587.82	997.23	1
2029011180	P10102	46	男	2029/1/3	I10	318.6	414.96	733.55	1
2029011181	P10158	62	男	2029/1/6	I10	264.56	516.32	780.87	1
2029011182	P10527	45	女	2029/1/7	L30.9	89.08	212.79	301.87	0
2029011183	P10516	51	男	2029/1/8	K21.9	184.67	268.85	453.51	0
2029011184	P10528	21	男	2029/1/9	K21.9	189.71	304.93	494.64	0
2029011185	P10522	20	男	2029/1/12	J06.9	115.14	162.15	277.3	0
2029011186	P10224	35	男	2029/1/13	N94.6	98.36	376.08	474.45	0
2029011187	P10266	40	女	2029/1/14	E11.9	355.08	441.65	796.74	1
2029011188	P10244	51	女	2029/1/15	E11.9	485.2	515.27	1000.47	1
2029011189	P10529	47	男	2029/1/16	R51	125.23	173.29	298.52	0
2029011190	P10530	20	男	2029/1/17	R51	169.56	170.65	340.2	0
2029011191	P10059	46	女	2029/1/18	M54.5	156.64	382.23	538.87	0
2029011192	P10017	20	女	2029/1/19	N94.6	178.09	320.07	498.16	0
2029011193	P10392	27	女	2029/1/20	R51	117.56	228.08	345.64	0
2029011194	P10333	59	女	2029/1/21	E11.9	487.73	505.39	993.12	1
2029011195	P10445	31	女	2029/1/22	E11.9	501.89	304.39	806.29	1
2029011196	P10531	45	女	2029/1/23	R51	120.99	197.11	318.11	0
2029011197	P10532	59	男	2029/1/24	I10	234.78	409.07	643.84	1
2029011198	P10141	46	女	2029/1/26	K21.9	279.33	330.28	609.61	0
2029011199	P10533	62	男	2029/1/27	I10	392.97	422.13	815.1	1
2029011200	P10010	62	男	2029/1/28	R51	122.8	289.07	411.87	1
2029011201	P10492	41	女	2029/1/29	K21.9	285.28	364.91	650.19	0
2029011202	P10274	38	男	2029/1/30	M54.5	172.87	460.34	633.2	0
2029011203	P10426	61	男	2029/1/31	I10	422.59	339.46	762.05	1
2029021204	P10232	33	女	2029/2/1	L30.9	97.53	195.91	293.44	0
2029021205	P10113	65	女	2029/2/6	I20	665.2	657.61	1322.82	1
2029021206	P10087	25	男	2029/2/7	L30.9	89.05	117.21	206.26	0
2029021207	P10154	20	男	2029/2/8	L30.9	91.11	174.34	265.45	0
2029021208	P10512	35	女	2029/2/9	M54.5	328.16	450.59	778.75	0
2029021209	P10153	23	男	2029/2/10	K21.9	157.37	210.04	367.41	0
2029021210	P10534	80	男	2029/2/11	I10	342.59	621.61	964.2	1
2029021211	P10395	36	男	2029/2/12	E11.9	415.08	388.33	803.41	1
2029021212	P10142	20	女	2029/2/13	H10.9	113.2	168.2	281.4	0
2029021213	P10236	20	女	2029/2/14	J06.9	97.29	165.93	263.22	0
2029021214	P10090	73	男	2029/2/15	I20	466.67	929.87	1396.54	0
2029021215	P10535	56	男	2029/2/16	I10	291.46	599	890.45	1
2029021216	P10148	54	女	2029/2/17	H10.9	126.91	309.98	436.89	0
2029021217	P10142	51	女	2029/2/18	I10	357.81	361.78	719.59	1
2029021218	P10056	49	女	2029/2/19	M54.5	295.26	328.92	624.18	0
2029021219	P10375	49	女	2029/2/20	I10	260.21	317.41	577.63	1
2029021220	P10482	65	女	2029/2/21	K21.9	294.99	382.18	677.17	1
2029021221	P10014	37	男	2029/2/22	E11.9	333.89	469.09	802.98	1
2029021222	P10012	41	女	2029/2/23	J06.9	92.82	291.1	383.92	0
2029021223	P10514	64	男	2029/2/24	E11.9	399.65	544.64	944.29	1
2029021224	P10129	44	女	2029/2/25	K21.9	214.26	215.42	429.68	0
2029021225	P10536	26	男	2029/2/26	H10.9	104.9	183.19	288.09	0
2029021226	P10381	43	女	2029/2/27	M54.5	191.78	326.51	518.29	0
2029021227	P10537	55	男	2029/2/28	E11.9	468.05	336.54	804.59	1
2029031228	P10207	42	女	2029/3/1	M54.5	158.04	357.37	515.41	0
2029031229	P10496	71	男	2029/3/2	I10	303.67	673.43	977.09	0
2029031230	P10408	79	女	2029/3/3	J06.9	97.33	212.86	310.19	1
2029031231	P10340	23	女	2029/3/4	J06.9	113.59	109.98	223.58	0
2029031232	P10392	20	女	2029/3/5	J06.9	123.19	96.73	219.93	0
2029031233	P10096	36	男	2029/3/6	R51	120.69	178.7	299.39	0
2029031234	P10514	85	男	2029/3/7	J06.9	150.52	282.09	432.61	1
2029031235	P10348	42	男	2029/3/8	E11.9	460.43	492.91	953.33	1
2029031236	P10245	81	男	2029/3/9	I20	629.1	629.61	1258.72	1
2029031237	P10016	80	女	2029/3/10	I10	448.91	556.97	1005.88	1
2029031238	P10097	23	女	2029/3/11	J06.9	61.28	145.6	206.88	0
2029031239	P10073	66	女	2029/3/12	I10	400.46	426.44	826.9	1
2029031240	P10538	67	男	2029/3/13	R51	223.79	253.38	477.16	1
2029031241	P10133	27	男	2029/3/14	J06.9	94.67	210.31	304.97	0
2029031242	P10461	51	女	2029/3/15	E11.9	547.42	460.52	1007.94	1
2029031243	P10251	36	女	2029/3/16	M54.5	256.92	324.29	581.21	0
2029031244	P10075	54	女	2029/3/17	I20	615.07	749.8	1364.87	1
2029031245	P10477	52	女	2029/3/18	I10	250.22	352.45	602.67	1
2029031246	P10412	36	男	2029/3/19	E11.9	371.73	489.3	861.04	1
2029031247	P10286	35	男	2029/3/20	J06.9	101.9	282.46	384.36	0
2029031248	P10390	50	男	2029/3/21	I10	379.79	563.71	943.5	1
2029031249	P10024	42	男	2029/3/22	R51	170.05	192.38	362.43	0
2029031250	P10415	41	男	2029/3/23	I10	376.63	437.6	814.23	1
2029031251	P10539	63	男	2029/3/24	I10	424.07	448.91	872.97	1
2029031252	P10430	51	女	2029/3/25	J06.9	109.25	270.89	380.14	0
2029031253	P10540	20	女	2029/3/26	H10.9	107.34	255.66	363	0
2029031254	P10149	60	男	2029/3/27	E11.9	601.25	536.57	1137.82	1
2029031255	P10155	43	男	2029/3/28	L30.9	117.77	177.54	295.31	0
2029031256	P10270	20	男	2029/3/29	J06.9	45.33	171.1	216.43	0
2029031257	P10100	80	女	2029/3/30	I10	418.97	427.56	846.53	1
2029031258	P10222	61	男	2029/3/31	E11.9	594.59	546.26	1140.85	1
2029041259	P10541	20	女	2029/4/1	L30.9	81.11	207.15	288.26	0
2029041260	P10421	54	男	2029/4/2	E11.9	542.54	412.13	954.67	1
2029041261	P10542	63	女	2029/4/3	E11.9	488.58	370.77	859.35	1
2029041262	P10448	46	男	2029/4/4	M54.5	299.13	502.21	801.34	0
2029041263	P10107	66	男	2029/4/5	I10	229.71	655.12	884.83	1
2029041264	P10103	31	男	2029/4/6	M54.5	239.39	440.42	679.81	0
2029041265	P10466	29	女	2029/4/7	N94.6	105.32	350.85	456.17	0
2029041266	P10476	20	女	2029/4/8	J06.9	118.84	216.69	335.53	0
2029041267	P10230	32	女	2029/4/9	J06.9	73.69	222.47	296.16	0
2029041268	P10005	20	男	2029/4/14	L30.9	76.39	92.1	168.48	0
2029041269	P10543	43	女	2029/4/15	E11.9	547.89	506.04	1053.93	1
2029041270	P10403	54	女	2029/4/18	H10.9	145.62	253.25	398.87	0
2029041271	P10544	41	女	2029/4/19	L30.9	91.49	166.44	257.93	0
2029041272	P10402	42	男	2029/4/20	H10.9	125.15	190.92	316.08	0
2029041273	P10027	20	女	2029/4/23	J06.9	101.6	196.79	298.39	1
2029041274	P10545	56	女	2029/4/24	I10	374.58	642.63	1017.21	1
2029041275	P10228	73	男	2029/4/25	E11.9	505.44	406.64	912.08	1
2029041276	P10053	57	女	2029/4/26	E11.9	579.11	461.65	1040.77	1
2029041277	P10471	59	女	2029/4/27	L30.9	73.76	132.8	206.56	0
2029041278	P10371	30	男	2029/4/28	L30.9	68.85	109.35	178.2	0
2029041279	P10079	66	男	2029/4/29	I20	546.9	866.61	1413.51	1
2029041280	P10306	56	女	2029/4/30	I10	254.59	507.8	762.4	1
2029051281	P10546	40	女	2029/5/1	R51	160	150.75	310.75	0
2029051282	P10031	26	男	2029/5/2	N94.6	141.17	327.54	468.71	0
2029051283	P10547	68	女	2029/5/3	I10	247.02	578.53	825.55	1
2029051284	P10095	69	女	2029/5/4	E11.9	501.37	410.9	912.27	1
2029051285	P10410	20	男	2029/5/5	L30.9	67.51	116.71	184.22	0
2029051286	P10548	44	女	2029/5/6	I10	245.99	526.95	772.94	1
2029051287	P10279	20	女	2029/5/7	H10.9	111.24	216.98	328.23	0
2029051288	P10066	45	女	2029/5/8	J06.9	142.42	298.91	441.33	1
2029051289	P10544	38	女	2029/5/9	E11.9	304.41	332.62	637.03	1
2029051290	P10075	43	女	2029/5/10	I20	481.45	551.66	1033.11	1
2029051291	P10337	68	男	2029/5/11	I20	585.38	679.97	1265.36	1
2029051292	P10218	84	女	2029/5/12	J06.9	73.56	189.84	263.4	0
2029051293	P10549	44	女	2029/5/13	M54.5	241.78	471.93	713.71	0
2029051294	P10048	53	男	2029/5/14	R51	151.36	179.57	330.94	0
2029051295	P10022	56	女	2029/5/15	E11.9	497.79	508.92	1006.71	1
2029051296	P10413	58	男	2029/5/19	I10	334.3	499.5	833.79	1
2029051297	P10426	51	男	2029/5/20	K21.9	201.72	370.03	571.75	0
2029051298	P10049	29	男	2029/5/21	J06.9	113.07	180.42	293.48	0
2029051299	P10550	63	男	2029/5/23	I10	233.67	337.98	571.64	1
2029051300	P10447	68	女	2029/5/24	I20	476.07	817.64	1293.71	1
2029051301	P10006	25	女	2029/5/25	R51	172.79	174.78	347.57	0
2029051302	P10551	69	女	2029/5/26	E11.9	518.9	529.56	1048.46	1
2029051303	P10472	57	女	2029/5/27	I10	286.3	373.67	659.97	1
2029051304	P10552	33	女	2029/5/28	M54.5	245.45	335.92	581.37	0
2029051305	P10495	70	男	2029/5/29	I20	520.68	677.2	1197.88	1
2029051306	P10553	31	男	2029/5/30	M54.5	157.6	380.97	538.57	0
2029051307	P10395	65	男	2029/5/31	I20	473.52	632.92	1106.44	1
2029061308	P10554	44	女	2029/6/1	M54.5	286.68	478.95	765.63	0
2029061309	P10555	51	女	2029/6/2	H10.9	122.32	281.69	404.01	0
2029061310	P10315	46	男	2029/6/3	R51	162.46	170.27	332.72	0
2029061311	P10017	24	女	2029/6/4	L30.9	65.52	95.94	161.47	0
2029061312	P10087	67	男	2029/6/5	E11.9	400.67	430.6	831.28	1
2029061313	P10379	76	女	2029/6/6	I10	389.07	613.13	1002.2	1
2029061314	P10283	46	女	2029/6/7	J06.9	102.34	192.31	294.66	0
2029061315	P10556	60	男	2029/6/8	I10	227.85	417.84	645.69	1
2029061316	P10415	20	男	2029/6/9	J06.9	54.12	222.11	276.22	0
2029061317	P10209	39	男	2029/6/10	E11.9	370.14	417.17	787.3	1
2029061318	P10489	36	男	2029/6/11	K21.9	272.33	330.84	603.16	0
2029061319	P10341	20	女	2029/6/12	L30.9	61.66	91.72	153.38	0
2029061320	P10271	22	女	2029/6/13	L30.9	63.92	194.78	258.7	1
2029061321	P10002	36	女	2029/6/14	J06.9	73.26	119.44	192.7	0
2029061322	P10557	45	男	2029/6/15	J06.9	68.4	132.55	200.95	0
2029061323	P10464	33	男	2029/6/16	J06.9	82.1	201.82	283.92	0
2029061324	P10362	62	女	2029/6/17	E11.9	425.61	447.96	873.57	1
2029061325	P10558	55	男	2029/6/18	E11.9	462.06	460.06	922.12	1
2029061326	P10146	25	男	2029/6/19	E11.9	284.65	384.35	669	1
2029061327	P10092	55	女	2029/6/20	I20	635.29	743.49	1378.78	1
2029061328	P10461	35	女	2029/6/21	R51	182.92	171.84	354.76	0
2029061329	P10428	20	女	2029/6/22	R51	114.86	160.73	275.59	0
2029061330	P10559	47	女	2029/6/23	K21.9	243.22	371.05	614.28	0
2029061331	P10151	65	男	2029/6/24	J06.9	73.15	330	403.15	1
2029061332	P10296	74	女	2029/6/25	I10	302.97	510.3	813.27	1
2029061333	P10501	51	男	2029/6/26	E11.9	430	455.81	885.81	0
2029061334	P10291	57	女	2029/6/27	K21.9	244.45	425	669.45	0
2029071335	P10202	37	女	2029/7/1	J06.9	139.7	155.79	295.49	0
2029071336	P10560	28	女	2029/7/4	J06.9	137.89	112.45	250.34	0
2029071337	P10447	35	女	2029/7/5	M54.5	209.13	405.24	614.38	0
2029071338	P10205	50	女	2029/7/6	E11.9	337.47	434	771.47	1
2029071339	P10448	55	男	2029/7/7	I10	328.21	546.36	874.57	1
2029071340	P10363	38	女	2029/7/8	J06.9	91.13	180.23	271.36	1
2029071341	P10561	41	男	2029/7/9	K21.9	243.49	261.78	505.27	0
2029071342	P10557	25	男	2029/7/10	L30.9	104.22	99.93	204.15	0
2029071343	P10474	38	男	2029/7/11	H10.9	139.83	216.84	356.67	0
2029071344	P10562	72	男	2029/7/12	E11.9	376.25	415.41	791.66	1
2029071345	P10524	51	男	2029/7/13	K21.9	166.64	254.27	420.91	0
2029071346	P10229	20	男	2029/7/14	L30.9	88.54	110.89	199.44	0
2029071347	P10563	20	女	2029/7/15	M54.5	171.13	282.09	453.21	0
2029071348	P10254	74	女	2029/7/16	I20	578.86	877.29	1456.14	1
2029071349	P10415	20	男	2029/7/17	J06.9	61.56	132.29	193.85	0
2029071350	P10450	25	男	2029/7/18	H10.9	113.96	198.74	312.7	0
2029071351	P10564	45	男	2029/7/19	I10	357.04	475.6	832.65	1
2029071352	P10505	27	男	2029/7/20	E11.9	344.82	352.65	697.47	1
2029071353	P10565	63	男	2029/7/21	E11.9	367.99	421.34	789.33	1
2029071354	P10456	69	男	2029/7/22	I10	436.72	674.22	1110.94	1
2029071355	P10163	46	女	2029/7/23	E11.9	529.38	412.66	942.04	1
2029071356	P10065	28	男	2029/7/24	I10	216.46	466.97	683.44	1
2029071357	P10566	33	女	2029/7/25	K21.9	240.06	371.23	611.29	0
2029071358	P10484	31	女	2029/7/26	N94.6	112.73	326.32	439.05	0
2029071359	P10332	20	男	2029/7/27	N94.6	142.27	285.21	427.47	0
2029071360	P10163	66	女	2029/7/28	I20	602.35	734.31	1336.66	1
2029071361	P10243	59	男	2029/7/29	I10	411.89	567.7	979.59	1
2029071362	P10257	66	女	2029/7/31	I10	417.38	363.71	781.08	1
2029081363	P10567	56	男	2029/8/1	E11.9	512.66	405.57	918.22	1
2029081364	P10259	20	女	2029/8/2	J06.9	106.1	130.59	236.69	0
2029081365	P10197	74	女	2029/8/3	I10	239.67	687.9	927.57	1
2029081366	P10006	52	女	2029/8/4	E11.9	426.13	433.88	860	1
2029081367	P10541	34	女	2029/8/5	J06.9	129.24	207.65	336.89	0
2029081368	P10142	20	女	2029/8/6	H10.9	99.65	219.44	319.09	0
2029081369	P10530	48	男	2029/8/7	E11.9	342.66	359.96	702.62	1
2029081370	P10297	20	男	2029/8/8	L30.9	67.57	184.94	252.52	0
2029081371	P10568	26	男	2029/8/9	H10.9	135.06	209.26	344.32	0
2029081372	P10114	41	男	2029/8/10	N94.6	194.66	398.97	593.63	0
2029081373	P10206	34	男	2029/8/11	E11.9	476.45	318.02	794.47	1
2029081374	P10569	48	男	2029/8/12	I20	431.17	815.78	1246.94	1
2029081375	P10037	77	女	2029/8/13	E11.9	376.46	454.15	830.61	1
2029081376	P10570	57	男	2029/8/18	I10	324.76	398.82	723.58	1
2029081377	P10234	51	女	2029/8/19	I10	222.68	561.35	784.03	1
2029081378	P10571	36	男	2029/8/20	N94.6	103.11	346.07	449.18	0
2029081379	P10142	52	女	2029/8/21	I10	237.01	513.78	750.79	1
2029081380	P10060	83	女	2029/8/22	I20	508.35	611.16	1119.52	1
2029081381	P10572	50	男	2029/8/23	R51	106.56	270.87	377.44	0
2029081382	P10185	47	女	2029/8/24	E11.9	391.78	435.2	826.98	1
2029081383	P10491	77	女	2029/8/27	M54.5	333.36	373.6	706.96	1
2029081384	P10366	20	女	2029/8/28	L30.9	100.37	149.88	250.25	0
2029081385	P10251	49	女	2029/8/29	J06.9	80.21	250.33	330.54	0
2029081386	P10573	59	女	2029/8/30	E11.9	384.22	358.53	742.75	1
2029081387	P10216	75	男	2029/8/31	I10	405.35	630.25	1035.6	1
2029091388	P10465	66	男	2029/9/1	R51	115.41	311.26	426.66	1
2029091389	P10087	60	男	2029/9/2	I10	408.01	456.7	864.71	0
2029091390	P10230	57	女	2029/9/3	I20	474.02	682.82	1156.84	1
2029091391	P10357	46	女	2029/9/4	R51	196.74	271.07	467.8	0
2029091392	P10222	31	男	2029/9/5	K21.9	192.09	349.38	541.48	0
2029091393	P10059	70	女	2029/9/6	H10.9	136.54	336.8	473.34	1
2029091394	P10574	37	女	2029/9/7	J06.9	120.09	250	370.09	0
2029091395	P10244	55	女	2029/9/12	I10	218.26	580.37	798.63	1
2029091396	P10556	57	男	2029/9/13	E11.9	480.41	333.88	814.28	1
2029091397	P10013	43	女	2029/9/14	I10	318.39	402.24	720.63	1
2029091398	P10451	48	女	2029/9/15	I10	215.7	423.92	639.62	1
2029091399	P10082	73	男	2029/9/16	E11.9	527.26	422.67	949.93	1
2029091400	P10283	58	女	2029/9/17	I20	543.89	619.37	1163.26	1
2029091401	P10239	47	女	2029/9/18	I10	214.97	523.02	737.99	1
2029091402	P10234	66	女	2029/9/19	I10	387.49	426.82	814.31	1
2029091403	P10575	37	男	2029/9/20	N94.6	132.95	212.26	345.21	0
2029091404	P10334	33	男	2029/9/21	N94.6	176.51	324.44	500.95	0
2029091405	P10026	69	男	2029/9/22	E11.9	569.11	420.21	989.32	1
2029091406	P10302	33	男	2029/9/23	M54.5	175.69	298.11	473.8	0
2029091407	P10217	20	女	2029/9/25	H10.9	104.18	240.42	344.6	0
2029091408	P10221	77	男	2029/9/26	E11.9	528.12	511.22	1039.34	1
2029091409	P10080	32	男	2029/9/27	R51	191.26	225.42	416.68	0
2029091410	P10552	36	女	2029/9/28	K21.9	271.6	299.44	571.04	0
2029091411	P10452	74	男	2029/9/29	E11.9	408.04	485.61	893.65	1
2029091412	P10371	70	男	2029/9/30	I20	532.41	910.48	1442.88	1
2029101413	P10576	65	女	2029/10/1	I10	351.1	363.3	714.4	1
2029101414	P10429	85	女	2029/10/2	I20	692.82	975.13	1667.94	1
2029101415	P10577	22	男	2029/10/3	N94.6	163.42	244.17	407.59	0
2029101416	P10152	35	男	2029/10/4	N94.6	159.18	345.67	504.85	0
2029101417	P10124	36	女	2029/10/5	J06.9	124.02	237.43	361.45	0
2029101418	P10578	63	女	2029/10/6	I10	260.23	358.92	619.15	1
2029101419	P10433	77	男	2029/10/7	E11.9	474.69	487.49	962.18	1
2029101420	P10579	32	女	2029/10/8	N94.6	155.2	382.87	538.07	0
2029101421	P10460	33	男	2029/10/9	L30.9	94.43	203.72	298.14	0
2029101422	P10188	52	女	2029/10/10	K21.9	252.74	385.86	638.6	0
2029101423	P10379	39	女	2029/10/11	M54.5	239.5	362.27	601.77	0
2029101424	P10100	56	女	2029/10/12	I20	538.55	555.65	1094.2	1
2029101425	P10437	39	男	2029/10/13	E11.9	394.04	449.2	843.24	1
2029101426	P10580	20	男	2029/10/14	J06.9	70.04	248.33	318.37	0
2029101427	P10295	85	女	2029/10/15	E11.9	501.92	584.41	1086.33	1
2029101428	P10581	46	女	2029/10/17	I10	248.61	568.19	816.8	1
2029101429	P10582	57	男	2029/10/18	I10	397.65	333.89	731.54	1
2029101430	P10534	56	男	2029/10/23	I10	314.03	621.43	935.46	1
2029101431	P10443	41	女	2029/10/25	J06.9	58.98	128	186.98	0
2029101432	P10583	49	男	2029/10/26	K21.9	191.62	224.54	416.16	0
2029101433	P10526	57	女	2029/10/27	M54.5	178.83	474.78	653.61	0
2029101434	P10534	46	男	2029/10/28	E11.9	525.67	445.19	970.86	1
2029101435	P10009	63	男	2029/10/29	I20	576.75	849.22	1425.98	1
2029101436	P10497	35	女	2029/10/30	H10.9	128.07	187.58	315.65	0
2029101437	P10584	57	男	2029/10/31	I10	231.6	507.04	738.64	1
2029111438	P10270	69	男	2029/11/1	M54.5	316.26	397.25	713.5	1
2029111439	P10585	39	女	2029/11/2	H10.9	140.55	248.95	389.49	0
2029111440	P10557	49	男	2029/11/3	J06.9	62.34	127.98	190.32	0
2029111441	P10458	64	男	2029/11/4	E11.9	521.48	361.94	883.42	1
2029111442	P10408	62	女	2029/11/5	M54.5	338.26	440.39	778.65	1
2029111443	P10241	62	男	2029/11/6	I10	281.48	404.63	686.11	1
2029111444	P10331	35	男	2029/11/7	E11.9	369.92	368.82	738.74	1
2029111445	P10586	44	女	2029/11/8	K21.9	205	370.98	575.97	0
2029111446	P10171	22	女	2029/11/9	N94.6	161.94	202.08	364.02	0
2029111447	P10553	53	男	2029/11/10	I10	366.83	575.87	942.71	1
2029111448	P10587	53	男	2029/11/11	M54.5	270.22	396.63	666.85	0
2029111449	P10235	73	男	2029/11/12	E11.9	396.51	436.61	833.12	1
2029111450	P10014	60	男	2029/11/13	I10	224.41	640.32	864.72	1
2029111451	P10161	59	女	2029/11/14	E11.9	335.14	466.81	801.95	1
2029111452	P10387	70	男	2029/11/15	M54.5	202.67	515.32	718	1
2029111453	P10426	62	男	2029/11/16	I10	386.87	513.39	900.25	1
2029111454	P10401	85	女	2029/11/17	I20	638.39	727.23	1365.62	1
2029111455	P10281	46	男	2029/11/18	J06.9	61.77	302.67	364.44	0
2029111456	P10228	20	男	2029/11/19	R51	140.49	200.25	340.74	0
2029111457	P10018	51	男	2029/11/20	R51	182.26	308.82	491.08	0
2029111458	P10026	42	男	2029/11/21	J06.9	73.94	175.7	249.65	0
2029111459	P10086	75	女	2029/11/22	I10	274.78	657.35	932.13	1
2029111460	P10485	48	女	2029/11/23	J06.9	139.32	262.2	401.52	1
2029111461	P10346	27	女	2029/11/24	H10.9	77.19	236.88	314.07	0
2029111462	P10215	25	女	2029/11/25	K21.9	249.01	285.93	534.95	0
2029111463	P10495	30	男	2029/11/26	J06.9	129.07	283.62	412.7	1
2029111464	P10385	49	男	2029/11/27	I10	211.85	476.5	688.35	1
2029111465	P10588	20	男	2029/11/28	L30.9	80.74	174.53	255.27	0
2029111466	P10589	67	女	2029/11/29	I10	253.69	679.55	933.24	1
2029111467	P10331	70	男	2029/11/30	M54.5	257.98	494.55	752.53	1
2029121468	P10381	42	女	2029/12/1	J06.9	75.88	194.5	270.38	0
2029121469	P10486	45	女	2029/12/4	I10	290.34	353.73	644.07	1
2029121470	P10205	51	女	2029/12/8	M54.5	271.71	386.35	658.06	0
2029121471	P10359	62	女	2029/12/9	M54.5	362.6	409.58	772.18	0
2029121472	P10437	23	男	2029/12/10	N94.6	119.48	297.28	416.76	0
2029121473	P10208	58	男	2029/12/11	I10	251.23	565.93	817.15	1
2029121474	P10535	28	男	2029/12/12	N94.6	166.01	250.07	416.08	0
2029121475	P10485	57	女	2029/12/13	I20	434.58	617.96	1052.54	1
2029121476	P10487	34	男	2029/12/16	L30.9	77.02	227.36	304.38	0
2029121477	P10484	53	女	2029/12/17	E11.9	452.72	344.48	797.21	1
2029121478	P10486	61	女	2029/12/18	E11.9	563.18	401.55	964.73	1
2029121479	P10171	22	女	2029/12/19	R51	166.86	233.6	400.46	0
2029121480	P10257	38	女	2029/12/20	M54.5	258.97	383.21	642.18	0
2029121481	P10478	48	男	2029/12/21	K21.9	209.97	296.21	506.18	0
2029121482	P10590	49	女	2029/12/22	E11.9	557.3	521.55	1078.84	1
2029121483	P10318	80	男	2029/12/23	E11.9	633.31	579.79	1213.11	1
2029121484	P10282	39	男	2029/12/24	M54.5	228.51	496.65	725.16	0
2029121485	P10586	34	女	2029/12/25	H10.9	136.21	280.46	416.67	0
2029121486	P10485	51	女	2029/12/26	K21.9	260.72	326.12	586.84	0
2029121487	P10157	23	男	2029/12/27	M54.5	169.62	430.22	599.85	0
2029121488	P10455	20	男	2029/12/28	M54.5	146.22	287.55	433.76	0
2029121489	P10018	32	男	2029/12/31	E11.9	449.28	460.74	910.01	1
2030011490	P10591	60	女	2030/1/1	J06.9	158.46	198.7	357.16	0
2030011491	P10514	53	男	2030/1/2	I10	269.79	374.64	644.43	1
2030011492	P10420	85	男	2030/1/3	I10	427.97	675.41	1103.39	0
2030011493	P10350	23	女	2030/1/4	J06.9	122.25	107.26	229.51	0
2030011494	P10592	66	男	2030/1/5	I20	585.6	892.39	1477.99	1
2030011495	P10384	65	男	2030/1/6	J06.9	154.93	324.73	479.66	1
2030011496	P10593	64	男	2030/1/7	K21.9	292	293.55	585.55	1
2030011497	P10579	85	女	2030/1/8	E11.9	436.7	413.62	850.32	1
2030011498	P10451	73	女	2030/1/9	E11.9	492.18	484.34	976.52	1
2030011499	P10175	72	女	2030/1/10	I10	425.66	482.22	907.87	1
2030011500	P10356	53	男	2030/1/11	M54.5	305.02	380.99	686.01	0
2030011501	P10216	72	男	2030/1/15	I20	572.5	590.94	1163.45	1
2030011502	P10144	23	女	2030/1/16	J06.9	75.3	194.67	269.97	0
2030011503	P10368	20	女	2030/1/20	H10.9	72.5	191.89	264.39	0
2030011504	P10367	54	女	2030/1/21	E11.9	445.88	360.84	806.72	0
2030011505	P10590	42	女	2030/1/22	M54.5	299.15	398.66	697.81	0
2030011506	P10495	38	男	2030/1/23	M54.5	207.93	489.21	697.15	0
2030011507	P10594	48	男	2030/1/24	J06.9	132.5	302.43	434.93	1
2030011508	P10308	39	男	2030/1/25	L30.9	117.32	240.22	357.54	0
2030011509	P10342	41	男	2030/1/28	K21.9	158.86	219.17	378.03	0
2030011510	P10406	77	女	2030/1/29	I10	237.2	407.93	645.13	1
2030011511	P10242	20	男	2030/1/30	H10.9	99.5	232.76	332.26	0
2030011512	P10006	31	女	2030/1/31	J06.9	80.67	185.42	266.09	0
2030021513	P10595	20	女	2030/2/1	H10.9	116.49	238.01	354.5	0
2030021514	P10137	20	女	2030/2/2	J06.9	74.44	140.98	215.42	0
2030021515	P10547	59	女	2030/2/3	I10	325.94	571.73	897.67	1
2030021516	P10241	53	男	2030/2/4	E11.9	409.99	494.85	904.84	1
2030021517	P10596	78	男	2030/2/5	I10	282.74	432.41	715.15	1
2030021518	P10436	67	女	2030/2/6	I10	297.62	570.43	868.05	1
2030021519	P10597	20	男	2030/2/7	J06.9	91.56	109.16	200.72	0
2030021520	P10415	67	男	2030/2/8	H10.9	91.77	224.56	316.34	1
2030021521	P10498	63	男	2030/2/9	M54.5	316.7	428.71	745.41	1
2030021522	P10119	32	女	2030/2/10	N94.6	173.03	278.45	451.48	0
2030021523	P10548	33	女	2030/2/11	R51	107.28	170.64	277.91	0
2030021524	P10598	48	男	2030/2/12	I10	405.23	532.76	937.99	1
2030021525	P10466	27	女	2030/2/13	J06.9	90.21	100.95	191.16	0
2030021526	P10379	75	女	2030/2/14	I20	549.3	691.89	1241.19	1
2030021527	P10366	72	女	2030/2/15	J06.9	109.83	185.06	294.89	0
2030021528	P10545	58	女	2030/2/16	K21.9	204.15	236.32	440.47	0
2030021529	P10442	20	女	2030/2/17	L30.9	72.65	151.83	224.49	0
2030021530	P10335	38	女	2030/2/22	E11.9	333.32	490.41	823.74	1
2030021531	P10081	57	女	2030/2/23	E11.9	498.22	391.03	889.25	1
2030021532	P10082	20	男	2030/2/24	H10.9	99.31	150.72	250.02	0
2030021533	P10527	30	女	2030/2/25	N94.6	170.4	321.91	492.31	0
2030021534	P10448	52	男	2030/2/26	E11.9	500.55	357.37	857.92	1
2030021535	P10186	38	男	2030/2/27	M54.5	202.49	377.62	580.11	1
2030021536	P10274	20	男	2030/2/28	J06.9	116.12	204.27	320.4	0
2030031537	P10227	66	男	2030/3/1	I10	291.05	580.38	871.43	1
2030031538	P10337	23	男	2030/3/2	N94.6	135.02	285.05	420.07	0
2030031539	P10599	20	女	2030/3/3	H10.9	103.44	206.85	310.29	0
2030031540	P10586	20	女	2030/3/4	R51	146.82	210.78	357.6	0
2030031541	P10600	54	女	2030/3/5	E11.9	405.35	465.34	870.7	0
2030031542	P10361	42	男	2030/3/6	N94.6	142.95	356.52	499.47	0
2030031543	P10241	79	男	2030/3/7	E11.9	519.11	448.94	968.05	1
2030031544	P10217	29	女	2030/3/8	R51	148.44	167.07	315.51	0
2030031545	P10411	23	女	2030/3/9	N94.6	123.71	222.85	346.56	0
2030031546	P10109	52	男	2030/3/10	M54.5	304.61	452.22	756.83	0
2030031547	P10231	20	男	2030/3/11	H10.9	103.17	197.63	300.8	0
2030031548	P10601	59	女	2030/3/12	E11.9	474.32	401.66	875.98	1
2030031549	P10602	51	女	2030/3/13	R51	148.79	258.96	407.75	0
2030031550	P10083	37	女	2030/3/14	N94.6	170.62	383.26	553.88	0
2030031551	P10484	43	女	2030/3/15	M54.5	345.47	309.11	654.59	0
2030031552	P10524	25	男	2030/3/16	H10.9	129.06	161.14	290.2	0
2030031553	P10205	41	女	2030/3/17	E11.9	375.11	481.28	856.4	1
2030031554	P10455	23	男	2030/3/18	R51	164.4	270.77	435.17	0
2030031555	P10340	21	女	2030/3/19	L30.9	103.65	123.74	227.39	0
2030031556	P10417	37	男	2030/3/20	H10.9	147.44	275.14	422.58	0
2030031557	P10551	70	女	2030/3/21	I10	408.62	568.25	976.86	1
2030031558	P10062	42	女	2030/3/22	E11.9	403.6	469.11	872.7	1
2030031559	P10524	67	男	2030/3/23	M54.5	270.14	519.25	789.39	1
2030031560	P10594	36	男	2030/3/24	K21.9	163.43	229.11	392.55	0
2030031561	P10603	64	女	2030/3/25	I20	469.76	775.72	1245.48	1
2030031562	P10251	31	女	2030/3/26	K21.9	192.3	322.64	514.94	0
2030031563	P10282	20	男	2030/3/27	N94.6	158.52	206.64	365.16	0
2030031564	P10372	50	男	2030/3/28	K21.9	205.8	360.33	566.13	0
2030031565	P10302	68	男	2030/3/29	I10	411.59	385.97	797.55	1
2030031566	P10234	56	女	2030/3/30	I10	261.72	422.16	683.88	1
2030031567	P10530	36	男	2030/3/31	J06.9	109.61	131.4	241.01	0
2030041568	P10604	62	女	2030/4/1	E11.9	589.99	476.94	1066.93	1
2030041569	P10389	41	女	2030/4/2	I10	391.34	404.72	796.06	1
2030041570	P10123	37	男	2030/4/3	M54.5	217.98	385.99	603.97	0
2030041571	P10373	56	女	2030/4/6	M54.5	248.07	345.35	593.42	0
2030041572	P10548	20	女	2030/4/7	H10.9	105.88	145.73	251.6	0
2030041573	P10251	67	女	2030/4/8	I20	621.85	802.34	1424.19	1
2030041574	P10468	43	男	2030/4/9	I10	401.81	385.42	787.24	1
2030041575	P10066	31	女	2030/4/10	L30.9	64.9	138.87	203.77	0
2030041576	P10489	34	男	2030/4/11	J06.9	100.58	248.59	349.18	0
2030041577	P10120	20	女	2030/4/12	J06.9	87.84	107.98	195.82	0
2030041578	P10010	37	男	2030/4/13	N94.6	183.32	218.97	402.29	0
2030041579	P10468	24	男	2030/4/14	R51	115.16	194.19	309.35	0
2030041580	P10495	20	男	2030/4/15	J06.9	130.63	143.93	274.56	0
2030041581	P10575	39	男	2030/4/16	J06.9	112.03	121.68	233.71	0
2030041582	P10522	57	男	2030/4/17	J06.9	71.95	122.73	194.68	0
2030041583	P10605	29	女	2030/4/18	M54.5	243.54	318.02	561.57	0
2030041584	P10514	55	男	2030/4/19	E11.9	528.48	423.95	952.43	1
2030041585	P10159	61	男	2030/4/22	E11.9	384.51	419.07	803.58	1
2030041586	P10334	50	男	2030/4/23	R51	208.02	260.42	468.45	0
2030041587	P10270	38	男	2030/4/24	J06.9	134.27	159.12	293.38	0
2030041588	P10323	27	女	2030/4/25	J06.9	86.52	167.09	253.61	0
2030041589	P10419	42	女	2030/4/26	E11.9	506.36	499.95	1006.3	1
2030041590	P10214	46	男	2030/4/27	M54.5	207.22	480.51	687.73	1
2030041591	P10572	20	男	2030/4/28	N94.6	107.95	218.7	326.65	0
2030041592	P10249	24	男	2030/4/29	I10	317	535.85	852.86	1
2030051593	P10400	51	男	2030/5/1	M54.5	350.03	419.27	769.29	0
2030051594	P10104	70	男	2030/5/2	I10	308.82	530.57	839.39	1
2030051595	P10076	20	男	2030/5/3	E11.9	444.43	344.48	788.91	1
2030051596	P10205	20	女	2030/5/4	N94.6	129.44	239.01	368.46	0
2030051597	P10299	54	女	2030/5/5	M54.5	190.56	485.76	676.32	0
2030051598	P10370	55	女	2030/5/6	L30.9	93.26	250.14	343.4	0
2030051599	P10342	65	男	2030/5/7	I20	668.57	649.92	1318.49	1
2030051600	P10421	20	男	2030/5/10	J06.9	117.55	233.66	351.2	0
2030051601	P10606	26	男	2030/5/11	N94.6	185.6	364.52	550.12	0
2030051602	P10290	38	女	2030/5/12	N94.6	161.8	343.42	505.22	0
2030051603	P10526	20	女	2030/5/14	H10.9	77.53	259.54	337.06	0
2030051604	P10442	20	女	2030/5/16	H10.9	101.34	255.06	356.4	0
2030051605	P10187	37	女	2030/5/17	M54.5	214.69	399.46	614.15	0
2030051606	P10022	20	女	2030/5/18	J06.9	71.44	202.26	273.71	0
2030051607	P10155	66	男	2030/5/19	I20	502.37	793.67	1296.04	1
2030051608	P10589	49	女	2030/5/20	L30.9	118.71	216.56	335.27	0
2030051609	P10316	68	男	2030/5/21	I20	461.98	775.86	1237.84	1
2030051610	P10071	51	男	2030/5/22	E11.9	399.67	365.05	764.72	1
2030051611	P10278	62	女	2030/5/23	I20	648.21	812.19	1460.4	0
2030051612	P10607	41	女	2030/5/24	I10	375.37	559.04	934.41	1
2030051613	P10204	73	男	2030/5/25	I20	554.66	867.17	1421.83	1
2030051614	P10608	59	男	2030/5/26	I10	264.91	637.52	902.43	1
2030051615	P10609	63	男	2030/5/27	I20	466.25	727.06	1193.31	1
2030051616	P10610	85	男	2030/5/28	J06.9	112.7	358.08	470.79	1
2030051617	P10067	40	男	2030/5/29	J06.9	134.78	160.14	294.92	0
2030051618	P10400	20	男	2030/5/30	L30.9	54.86	220.17	275.03	0
2030051619	P10255	54	男	2030/5/31	I10	215.98	487.48	703.46	1
2030061620	P10215	52	女	2030/6/1	H10.9	133.84	218.1	351.94	0
2030061621	P10532	40	男	2030/6/2	R51	174.2	271.55	445.74	0
2030061622	P10167	42	男	2030/6/3	I10	243.22	425.31	668.53	1
2030061623	P10030	51	男	2030/6/4	K21.9	210.72	398.54	609.26	0
2030061624	P10611	31	女	2030/6/5	K21.9	246.75	223.42	470.17	0
2030061625	P10430	71	女	2030/6/6	R51	128.48	255.66	384.15	1
2030061626	P10138	51	女	2030/6/7	H10.9	144.18	158.36	302.54	0
2030061627	P10331	38	男	2030/6/8	M54.5	220.89	418.49	639.38	0
2030061628	P10585	77	女	2030/6/9	I20	525.98	638.65	1164.62	1
2030061629	P10098	40	男	2030/6/10	K21.9	192.34	323	515.35	0
2030061630	P10309	67	女	2030/6/11	E11.9	616.86	492.22	1109.08	1
2030061631	P10612	62	男	2030/6/12	E11.9	437	365.24	802.24	1
2030061632	P10395	32	男	2030/6/13	M54.5	296.49	476.07	772.56	1
2030061633	P10613	22	男	2030/6/14	J06.9	46.57	178.5	225.07	0
2030061634	P10614	55	女	2030/6/15	J06.9	76.84	241.08	317.93	0
2030061635	P10527	20	女	2030/6/16	L30.9	72.21	210.49	282.7	0
2030061636	P10563	26	女	2030/6/17	J06.9	55.47	252.26	307.73	0
2030061637	P10437	30	男	2030/6/18	M54.5	325.8	308.98	634.79	0
2030061638	P10564	45	男	2030/6/19	K21.9	173.17	276.26	449.43	0
2030061639	P10615	76	男	2030/6/20	J06.9	170.07	353.66	523.72	1
2030061640	P10018	54	男	2030/6/21	I20	587.34	703.71	1291.05	1
2030061641	P10049	30	男	2030/6/22	H10.9	100.12	175.34	275.45	0
2030061642	P10103	66	男	2030/6/23	M54.5	312.99	533.12	846.11	1
2030061643	P10435	28	女	2030/6/26	H10.9	93.52	276.23	369.75	0
2030061644	P10616	44	女	2030/6/27	J06.9	64.88	293.38	358.27	1
2030061645	P10320	54	女	2030/6/28	I20	584.96	725.67	1310.63	1
2030061646	P10493	38	女	2030/6/29	H10.9	132.19	268.34	400.52	0
2030061647	P10430	31	女	2030/6/30	J06.9	66.22	254.86	321.07	0
2030071648	P10412	71	男	2030/7/4	I10	401.86	673.71	1075.57	1
2030071649	P10336	74	女	2030/7/5	I10	261.45	460.22	721.66	1
2030071650	P10449	85	女	2030/7/6	E11.9	405.74	549.51	955.25	1
2030071651	P10617	33	女	2030/7/7	L30.9	112.88	102.43	215.31	0
2030071652	P10437	30	男	2030/7/8	N94.6	178.24	321.37	499.62	0
2030071653	P10106	62	男	2030/7/9	I10	384.45	652.59	1037.04	1
2030071654	P10618	27	女	2030/7/10	J06.9	106.41	255.29	361.69	0
2030071655	P10258	50	男	2030/7/11	M54.5	226.55	455.07	681.62	0
2030071656	P10498	62	男	2030/7/12	I20	553.88	751.83	1305.72	1
2030071657	P10500	29	女	2030/7/13	N94.6	173.64	260.03	433.67	0
2030071658	P10111	38	女	2030/7/18	N94.6	177.57	386.91	564.47	0
2030071659	P10370	20	女	2030/7/19	N94.6	153.84	288.69	442.52	0
2030071660	P10451	52	女	2030/7/20	H10.9	127.34	242.12	369.46	0
2030071661	P10443	64	女	2030/7/21	M54.5	173.74	462.99	636.74	0
2030071662	P10423	27	男	2030/7/23	H10.9	122.52	259.38	381.9	0
2030071663	P10255	23	男	2030/7/24	E11.9	453.77	333.89	787.66	1
2030071664	P10165	58	女	2030/7/25	I20	604.04	723.96	1328	1
2030071665	P10177	55	女	2030/7/26	H10.9	150.46	215.07	365.53	0
2030071666	P10619	29	女	2030/7/27	H10.9	82.3	244.09	326.39	0
2030071667	P10191	28	女	2030/7/28	K21.9	169.5	348.92	518.43	0
2030071668	P10371	33	男	2030/7/29	K21.9	283.61	255.29	538.9	0
2030071669	P10620	50	女	2030/7/30	K21.9	242.28	293.57	535.85	0
2030071670	P10613	33	男	2030/7/31	L30.9	96.3	219.86	316.16	0
2030081671	P10137	21	女	2030/8/1	L30.9	59.93	220.29	280.21	0
2030081672	P10584	31	男	2030/8/2	R51	126.43	175.46	301.88	0
2030081673	P10281	55	男	2030/8/3	I10	263.26	546.66	809.92	1
2030081674	P10222	48	男	2030/8/4	I10	269.73	612.95	882.69	1
2030081675	P10570	40	男	2030/8/5	N94.6	156.81	282.46	439.27	0
2030081676	P10397	36	女	2030/8/6	K21.9	250.89	388.46	639.35	0
2030081677	P10241	73	男	2030/8/7	E11.9	453.5	572.74	1026.23	1
2030081678	P10621	78	男	2030/8/8	I10	456.36	708.83	1165.19	1
2030081679	P10619	74	女	2030/8/9	I20	549.51	831.45	1380.96	1
2030081680	P10276	24	女	2030/8/10	N94.6	96.89	297.86	394.75	0
2030081681	P10622	31	男	2030/8/11	N94.6	148.88	201.99	350.88	0
2030081682	P10363	59	女	2030/8/12	I10	376.43	515.66	892.1	1
2030081683	P10503	20	男	2030/8/13	J06.9	113.79	114	227.8	0
2030081684	P10312	59	女	2030/8/14	E11.9	484.5	520.34	1004.84	1
2030081685	P10601	37	女	2030/8/15	E11.9	297.17	415.59	712.76	1
2030081686	P10073	62	女	2030/8/16	M54.5	284.11	495.14	779.25	1
2030081687	P10184	20	男	2030/8/17	H10.9	73.86	260.39	334.25	0
2030081688	P10414	29	男	2030/8/18	N94.6	184.18	262.23	446.41	0
2030081689	P10352	67	男	2030/8/19	I20	524.64	627.91	1152.55	1
2030081690	P10267	29	男	2030/8/20	J06.9	68.67	280.79	349.45	0
2030081691	P10537	70	男	2030/8/21	I20	662.24	596.01	1258.25	1
2030081692	P10002	29	女	2030/8/22	R51	144.5	142.41	286.91	0
2030081693	P10623	47	女	2030/8/23	H10.9	152.04	184.51	336.55	0
2030081694	P10354	43	女	2030/8/24	I10	341.69	351.6	693.28	1
2030081695	P10182	37	男	2030/8/25	J06.9	129.46	186.19	315.65	0
2030081696	P10624	83	女	2030/8/27	I10	408.98	579.59	988.57	1
2030081697	P10159	20	男	2030/8/28	R51	172.8	261.61	434.41	0
2030081698	P10459	25	男	2030/8/29	R51	154.36	147.83	302.19	0
2030081699	P10625	46	男	2030/8/30	K21.9	160.93	218.08	379	0
2030081700	P10626	33	男	2030/8/31	H10.9	83.34	239.53	322.88	0
2030091701	P10535	42	男	2030/9/1	J06.9	105.68	141.59	247.27	0
2030091702	P10437	44	男	2030/9/2	J06.9	89.46	202.05	291.52	0
2030091703	P10399	64	男	2030/9/3	E11.9	613.84	508.65	1122.49	1
2030091704	P10043	76	男	2030/9/4	I20	493.05	905.8	1398.85	1
2030091705	P10322	44	女	2030/9/5	K21.9	234.75	213.63	448.38	0
2030091706	P10627	37	女	2030/9/6	K21.9	225.17	232.12	457.29	0
2030091707	P10628	50	女	2030/9/7	R51	198.7	269.7	468.4	0
2030091708	P10628	82	女	2030/9/8	I10	465.14	437.79	902.93	1
2030091709	P10629	35	女	2030/9/10	R51	193.74	267.14	460.88	0
2030091710	P10146	20	男	2030/9/11	N94.6	145.96	226.47	372.43	0
2030091711	P10318	76	男	2030/9/12	I20	679.37	850.77	1530.14	1
2030091712	P10424	53	男	2030/9/13	E11.9	543.85	359.86	903.71	1
2030091713	P10405	33	女	2030/9/14	I10	341.06	326.81	667.87	1
2030091714	P10163	37	女	2030/9/15	L30.9	87.97	125.59	213.56	0
2030091715	P10630	46	女	2030/9/19	E11.9	382.76	485.23	867.99	1
2030091716	P10207	36	女	2030/9/20	R51	152.37	220.2	372.57	0
2030091717	P10115	68	女	2030/9/25	I20	645.95	633.09	1279.04	1
2030091718	P10380	38	男	2030/9/26	J06.9	63.63	217.21	280.84	0
2030091719	P10326	68	男	2030/9/29	I10	231.24	394.23	625.47	1
2030091720	P10474	60	男	2030/9/30	I20	581.71	679.13	1260.84	1
2030101721	P10189	52	女	2030/10/1	M54.5	230.21	470.89	701.1	1
2030101722	P10631	25	女	2030/10/2	N94.6	105.76	363.37	469.13	0
2030101723	P10548	68	女	2030/10/3	I10	392.27	589.64	981.91	1
2030101724	P10632	67	男	2030/10/4	I10	227.78	360.39	588.17	1
2030101725	P10633	20	男	2030/10/5	N94.6	96.65	296.8	393.45	0
2030101726	P10631	56	女	2030/10/10	J06.9	152.31	159.34	311.64	0
2030101727	P10634	24	女	2030/10/11	J06.9	128.67	175.58	304.25	0
2030101728	P10179	52	女	2030/10/12	R51	147.18	199.9	347.07	0
2030101729	P10308	64	男	2030/10/13	I10	327.02	574.79	901.82	1
2030101730	P10362	83	女	2030/10/14	I20	584.61	929.58	1514.19	1
2030101731	P10635	51	女	2030/10/15	E11.9	491.99	344.59	836.58	1
2030101732	P10583	61	男	2030/10/16	I20	635.07	771.07	1406.13	1
2030101733	P10315	64	男	2030/10/21	I20	479.66	596.51	1076.16	1
2030101734	P10636	56	女	2030/10/22	I10	262.91	502.75	765.66	1
2030101735	P10185	52	女	2030/10/23	R51	108.53	191.83	300.35	0
2030101736	P10637	20	男	2030/10/24	M54.5	238.51	414.15	652.66	0
2030101737	P10134	27	男	2030/10/25	K21.9	208.51	301.14	509.64	0
2030101738	P10037	28	女	2030/10/26	M54.5	288.95	298.12	587.07	1
2030101739	P10093	69	男	2030/10/27	E11.9	601.64	389.99	991.63	1
2030101740	P10638	41	女	2030/10/28	N94.6	183.74	296.49	480.23	0
2030101741	P10576	58	女	2030/10/29	I10	409.96	380.38	790.35	1
2030111742	P10566	42	女	2030/11/3	M54.5	292.87	359.81	652.68	0
2030111743	P10151	26	男	2030/11/4	L30.9	61.22	98.49	159.71	0
2030111744	P10021	37	男	2030/11/5	N94.6	195.8	268.39	464.19	0
2030111745	P10021	21	男	2030/11/6	R51	176.17	212.69	388.86	0
2030111746	P10139	48	男	2030/11/10	M54.5	296.89	502.69	799.58	0
2030111747	P10639	51	女	2030/11/13	K21.9	308.39	228.53	536.92	0
2030111748	P10605	45	女	2030/11/14	J06.9	68.58	277.01	345.59	0
2030111749	P10025	38	女	2030/11/15	J06.9	139.18	109.3	248.47	0
2030111750	P10444	70	女	2030/11/16	E11.9	423.44	573.87	997.31	1
2030111751	P10033	27	女	2030/11/17	I10	369.93	455.58	825.51	1
2030111752	P10482	48	女	2030/11/18	J06.9	55.74	243.76	299.5	0
2030111753	P10640	21	女	2030/11/19	J06.9	76.21	261.17	337.38	0
2030111754	P10274	38	男	2030/11/20	I10	287.08	496.53	783.6	1
2030111755	P10132	40	男	2030/11/22	H10.9	87.49	161.16	248.66	0
2030111756	P10641	57	男	2030/11/23	H10.9	87.53	164.94	252.47	0
2030111757	P10160	26	女	2030/11/24	N94.6	182.8	366.25	549.06	0
2030111758	P10628	71	女	2030/11/25	I10	393.66	415.63	809.29	1
2030111759	P10094	79	男	2030/11/26	I10	428.19	442.06	870.25	1
2030111760	P10543	78	女	2030/11/27	I20	670.58	847.84	1518.42	1
2030111761	P10607	62	女	2030/11/28	H10.9	93.56	197.29	290.85	1
2030111762	P10148	36	女	2030/11/29	L30.9	92.64	125.83	218.47	0
2030111763	P10330	40	男	2030/11/30	K21.9	184.16	278.93	463.09	0
2030121764	P10293	48	女	2030/12/1	I20	468.2	627.56	1095.76	1
2030121765	P10642	51	女	2030/12/2	E11.9	359.03	329.5	688.54	1
2030121766	P10441	49	女	2030/12/4	I10	368.77	538	906.77	0
2030121767	P10603	66	女	2030/12/5	K21.9	324.5	383.77	708.27	1
2030121768	P10327	31	女	2030/12/9	J06.9	118.63	187.27	305.9	0
2030121769	P10195	66	女	2030/12/10	I20	490.54	799.2	1289.75	1
2030121770	P10413	46	男	2030/12/11	J06.9	144.11	196.15	340.25	0
2030121771	P10026	25	男	2030/12/12	L30.9	99.25	145.43	244.68	0
2030121772	P10445	60	女	2030/12/13	K21.9	274.19	258.01	532.2	0
2030121773	P10401	22	女	2030/12/14	J06.9	70.15	126.99	197.14	0
2030121774	P10643	66	女	2030/12/15	I20	561.96	810.34	1372.3	1
2030121775	P10062	43	女	2030/12/18	E11.9	331.4	497.95	829.35	1
2030121776	P10532	20	男	2030/12/19	R51	162.33	191.21	353.53	1
2030121777	P10319	35	女	2030/12/20	M54.5	229.9	316.26	546.16	0
2030121778	P10132	54	男	2030/12/21	E11.9	580.59	334.51	915.1	1
2030121779	P10335	38	女	2030/12/22	M54.5	328.71	475.71	804.41	0
2030121780	P10569	44	男	2030/12/27	E11.9	508.42	448.46	956.88	1
2030121781	P10625	50	男	2030/12/30	I20	592.13	678.91	1271.03	1
2030121782	P10098	33	男	2030/12/31	J06.9	62.57	158.58	221.15	0
2031011783	P10644	41	女	2031/1/1	I10	279.3	359.74	639.05	1
2031011784	P10061	50	男	2031/1/2	J06.9	75.95	105.64	181.59	0
2031011785	P10280	39	男	2031/1/3	R51	147.73	196.14	343.87	0
2031011786	P10645	33	男	2031/1/4	E11.9	304.11	460.26	764.37	1
2031011787	P10386	28	男	2031/1/5	J06.9	123.95	96.05	220	0
2031011788	P10432	50	男	2031/1/6	I10	307.64	601.59	909.23	1
2031011789	P10609	41	男	2031/1/7	J06.9	81.82	288.82	370.63	0
2031011790	P10292	76	女	2031/1/8	I10	266.33	692.46	958.8	1
2031011791	P10378	37	女	2031/1/9	I10	360.87	406.32	767.19	0
2031011792	P10183	56	男	2031/1/10	E11.9	549.74	331.46	881.2	1
2031011793	P10524	58	男	2031/1/11	I10	374.36	370.12	744.49	1
2031011794	P10536	68	男	2031/1/12	I10	390.76	373.42	764.17	1
2031011795	P10352	42	男	2031/1/13	K21.9	226.11	312.11	538.22	0
2031011796	P10159	21	男	2031/1/14	N94.6	98.6	218.51	317.11	0
2031011797	P10646	56	男	2031/1/15	I10	363.64	331.85	695.49	1
2031011798	P10044	57	女	2031/1/16	I20	484.49	592.18	1076.67	1
2031011799	P10406	72	女	2031/1/17	I10	409.6	519.3	928.9	1
2031011800	P10042	65	男	2031/1/18	I20	458.1	639.96	1098.06	1
2031011801	P10377	73	女	2031/1/19	J06.9	154.83	209.04	363.88	1
2031011802	P10638	54	女	2031/1/20	E11.9	469.8	430.33	900.13	1
2031011803	P10343	57	男	2031/1/21	I20	628.85	670.3	1299.15	1
2031011804	P10525	21	男	2031/1/22	K21.9	163.52	201.4	364.92	0
2031011805	P10647	20	男	2031/1/23	K21.9	234.32	233.75	468.07	0
2031011806	P10311	31	女	2031/1/24	E11.9	299.48	406.09	705.57	1
2031011807	P10524	63	男	2031/1/25	I10	225.76	612	837.75	1
2031011808	P10648	45	女	2031/1/26	J06.9	91.3	257.04	348.34	0
2031011809	P10255	41	男	2031/1/27	I10	222.56	301.58	524.14	1
2031011810	P10281	54	男	2031/1/28	R51	139.47	221.72	361.19	0
2031011811	P10221	37	男	2031/1/29	M54.5	339.03	441.64	780.67	0
2031011812	P10305	41	男	2031/1/30	K21.9	286.2	261.71	547.91	0
2031021813	P10032	49	男	2031/2/2	L30.9	121.14	131.87	253	0
2031021814	P10594	58	男	2031/2/3	M54.5	223.04	331.92	554.96	0
2031021815	P10221	56	男	2031/2/4	I10	362.45	333.69	696.14	1
2031021816	P10014	20	男	2031/2/5	N94.6	93.96	191.34	285.3	0
2031021817	P10491	43	女	2031/2/6	I20	460.26	711.89	1172.15	1
2031021818	P10002	25	女	2031/2/7	R51	96.58	216.9	313.48	0
2031021819	P10238	37	男	2031/2/8	K21.9	257.46	253.44	510.9	0
2031021820	P10649	40	男	2031/2/9	E11.9	525.46	445.24	970.69	1
2031021821	P10417	58	男	2031/2/10	I10	305.59	479.87	785.46	1
2031021822	P10650	46	女	2031/2/11	M54.5	238.51	507.05	745.56	0
2031021823	P10368	41	女	2031/2/12	M54.5	241.35	409.88	651.24	0
2031021824	P10641	52	男	2031/2/13	I10	284.43	519.2	803.63	1
2031021825	P10211	33	男	2031/2/14	H10.9	103.97	263.94	367.92	0
2031021826	P10590	65	女	2031/2/16	I10	435.26	561.81	997.08	1
2031021827	P10343	20	男	2031/2/17	J06.9	74.29	240.56	314.86	0
2031021828	P10360	56	女	2031/2/22	K21.9	273.42	429.4	702.82	0
2031021829	P10193	38	男	2031/2/23	K21.9	281.14	389.92	671.06	0
2031021830	P10651	65	女	2031/2/24	I20	541.38	841.02	1382.39	1
2031021831	P10652	68	男	2031/2/25	I10	255.61	405.51	661.12	1
2031021832	P10122	39	男	2031/2/26	J06.9	85.32	179.7	265.02	0
2031021833	P10214	69	男	2031/2/27	E11.9	520.76	554.08	1074.84	1
2031021834	P10033	40	女	2031/2/28	J06.9	85.15	151.16	236.31	0
2031031835	P10101	22	女	2031/3/1	J06.9	98.93	251.28	350.2	0
2031031836	P10653	44	男	2031/3/2	R51	179.42	166.28	345.71	0
2031031837	P10647	20	男	2031/3/3	L30.9	78.55	191.12	269.68	0
2031031838	P10566	41	女	2031/3/5	K21.9	279.59	244.53	524.11	0
2031031839	P10029	37	女	2031/3/6	R51	142.28	221.93	364.21	0
2031031840	P10549	41	女	2031/3/7	M54.5	160.54	419.22	579.76	0
2031031841	P10654	58	男	2031/3/8	I10	349.04	466.54	815.59	1
2031031842	P10498	46	男	2031/3/10	I20	491.78	745.06	1236.84	1
2031031843	P10310	59	男	2031/3/11	I20	512.48	771.88	1284.35	1
2031031844	P10119	61	女	2031/3/12	I10	251.76	576.93	828.69	1
2031031845	P10376	41	男	2031/3/13	K21.9	215.57	343.39	558.96	0
2031031846	P10429	20	女	2031/3/14	J06.9	70.1	190.31	260.41	0
2031031847	P10367	60	女	2031/3/15	J06.9	110.78	163.51	274.29	0
2031031848	P10089	21	女	2031/3/16	N94.6	150.65	261.74	412.39	0
2031031849	P10069	55	女	2031/3/17	R51	178.05	255.12	433.17	0
2031031850	P10308	65	男	2031/3/18	I10	382.83	341.28	724.11	1
2031031851	P10273	22	男	2031/3/19	N94.6	91.81	342.23	434.04	0
2031031852	P10655	70	女	2031/3/24	J06.9	82.12	154.66	236.78	0
2031031853	P10656	27	男	2031/3/25	M54.5	300.67	307.69	608.36	0
2031031854	P10657	74	男	2031/3/26	I20	644.3	879.76	1524.06	1
2031031855	P10062	52	女	2031/3/27	K21.9	165.82	279.94	445.77	0
2031031856	P10383	21	男	2031/3/28	J06.9	100.13	247.42	347.55	0
2031031857	P10522	45	男	2031/3/29	L30.9	101.23	218.65	319.88	0
2031031858	P10077	29	男	2031/3/30	J06.9	50.17	107.04	157.21	0
2031031859	P10657	63	男	2031/3/31	I10	284.86	428.44	713.3	1
2031041860	P10549	30	女	2031/4/4	N94.6	182.34	352.52	534.86	0
2031041861	P10604	42	女	2031/4/5	M54.5	338.04	425.25	763.29	0
2031041862	P10094	57	男	2031/4/6	M54.5	374.37	441.1	815.48	0
2031041863	P10278	36	女	2031/4/7	L30.9	93.75	131.49	225.25	0
2031041864	P10196	28	女	2031/4/8	E11.9	353.99	437.24	791.23	1
2031041865	P10435	64	女	2031/4/9	M54.5	210.19	473.32	683.52	1
2031041866	P10195	20	女	2031/4/10	M54.5	200.07	367.7	567.77	0
2031041867	P10178	72	男	2031/4/11	I10	399.68	449.43	849.1	1
2031041868	P10346	76	女	2031/4/12	I20	624.8	765.92	1390.73	1
2031041869	P10582	20	男	2031/4/13	J06.9	75.73	135.85	211.58	0
2031041870	P10564	30	男	2031/4/14	R51	95.31	169.42	264.73	0
2031041871	P10658	20	女	2031/4/19	J06.9	82.84	137.83	220.67	0
2031041872	P10111	30	女	2031/4/20	J06.9	84.25	117.69	201.95	0
2031041873	P10659	23	男	2031/4/21	H10.9	90.96	212.53	303.5	0
2031041874	P10660	72	女	2031/4/22	I20	670.78	777.17	1447.95	0
2031041875	P10284	74	男	2031/4/23	E11.9	421.4	402.58	823.98	1
2031041876	P10661	76	男	2031/4/24	I10	366.68	466.12	832.79	1
2031041877	P10662	27	男	2031/4/25	R51	102.03	244.1	346.12	0
2031041878	P10098	62	男	2031/4/26	I20	534.22	635.59	1169.82	1
2031041879	P10663	39	男	2031/4/27	I10	332.56	428.41	760.97	1
2031041880	P10238	50	男	2031/4/28	I10	227.22	539.41	766.63	1
2031041881	P10630	51	女	2031/4/29	K21.9	161.89	372.43	534.32	0
2031041882	P10537	79	男	2031/4/30	E11.9	364.69	479.81	844.5	1
2031051883	P10148	26	女	2031/5/1	M54.5	251.28	409	660.28	0
2031051884	P10322	46	女	2031/5/2	E11.9	379.59	456.28	835.87	1
2031051885	P10664	44	男	2031/5/3	M54.5	166.2	451.47	617.66	1
2031051886	P10021	40	男	2031/5/4	J06.9	122.42	281.84	404.26	1
2031051887	P10376	20	男	2031/5/5	L30.9	68.03	111.34	179.38	0
2031051888	P10544	38	女	2031/5/6	H10.9	137.82	293.91	431.73	0
2031051889	P10163	54	女	2031/5/7	I10	362.8	337.07	699.87	1
2031051890	P10146	29	男	2031/5/12	H10.9	94.02	271.59	365.61	0
2031051891	P10238	33	男	2031/5/13	L30.9	93.85	179.39	273.24	0
2031051892	P10665	55	男	2031/5/14	E11.9	448.88	413.5	862.38	1
2031051893	P10666	54	男	2031/5/15	I10	235.72	583.35	819.07	1
2031051894	P10378	38	女	2031/5/16	K21.9	171.18	382.57	553.74	0
2031051895	P10667	33	女	2031/5/17	J06.9	50.25	193.87	244.12	0
2031051896	P10160	22	女	2031/5/18	H10.9	88.21	219.62	307.83	0
2031051897	P10466	56	女	2031/5/19	I10	239.73	404.42	644.15	1
2031051898	P10387	79	男	2031/5/20	I10	307.64	548.11	855.75	1
2031051899	P10414	33	男	2031/5/21	L30.9	84.92	190.2	275.12	0
2031051900	P10415	36	男	2031/5/22	K21.9	223.95	275.9	499.86	0
2031051901	P10668	33	男	2031/5/23	N94.6	131.96	250.6	382.56	0
2031051902	P10383	55	男	2031/5/24	I10	319.75	564.48	884.23	1
2031051903	P10461	53	女	2031/5/25	H10.9	144.13	279.44	423.57	0
2031051904	P10017	30	女	2031/5/26	L30.9	108.51	131.04	239.55	0
2031051905	P10210	32	女	2031/5/27	J06.9	87.92	105.86	193.78	0
2031051906	P10669	65	女	2031/5/28	I10	329.65	467.96	797.61	1
2031051907	P10364	20	男	2031/5/29	H10.9	106.75	140.47	247.22	0
2031051908	P10340	53	女	2031/5/30	I20	622.38	585.52	1207.9	1
2031051909	P10277	45	男	2031/5/31	I10	309.45	501.43	810.88	1
2031061910	P10628	37	女	2031/6/1	J06.9	110.49	154.63	265.13	0
2031061911	P10449	60	女	2031/6/2	K21.9	236.51	333.07	569.59	0
2031061912	P10519	85	女	2031/6/3	I10	482.19	710.36	1192.55	1
2031061913	P10651	64	女	2031/6/4	E11.9	375.82	540.96	916.78	1
2031061914	P10043	66	男	2031/6/5	I10	228.74	384.07	612.81	1
2031061915	P10156	20	男	2031/6/6	J06.9	96.14	268.28	364.41	0
2031061916	P10670	33	女	2031/6/9	K21.9	176.46	369.62	546.08	0
2031061917	P10471	20	女	2031/6/10	H10.9	93.59	233.27	326.86	0
2031061918	P10671	35	女	2031/6/11	M54.5	209.92	322.84	532.77	0
2031061919	P10286	26	男	2031/6/12	H10.9	125.07	173.72	298.79	0
2031061920	P10522	47	男	2031/6/13	E11.9	562.2	515.7	1077.9	1
2031061921	P10672	20	男	2031/6/14	H10.9	106.97	249.01	355.97	0
2031061922	P10673	56	男	2031/6/19	M54.5	271.26	413.13	684.39	0
2031061923	P10249	47	男	2031/6/20	I10	306.6	598.77	905.37	1
2031061924	P10674	34	女	2031/6/21	H10.9	88.06	214.35	302.41	0
2031061925	P10499	56	女	2031/6/23	L30.9	96.67	263.24	359.91	0
2031061926	P10675	31	男	2031/6/24	M54.5	174.74	316.91	491.65	0
2031061927	P10085	29	男	2031/6/25	I10	328.37	326.04	654.41	1
2031061928	P10676	32	男	2031/6/26	R51	96.2	169.57	265.77	0
2031061929	P10366	61	女	2031/6/30	M54.5	185.09	368.01	553.11	1
2031071930	P10677	74	男	2031/7/1	M54.5	367.71	395.99	763.7	1
2031071931	P10678	20	女	2031/7/2	N94.6	145.39	274.7	420.08	0
2031071932	P10621	39	男	2031/7/3	H10.9	90.56	265.08	355.64	0
2031071933	P10291	54	女	2031/7/4	I10	396.36	534.47	930.83	1
2031071934	P10522	53	男	2031/7/5	E11.9	493.49	493.02	986.51	1
2031071935	P10216	85	男	2031/7/9	I20	526.44	669.54	1195.98	1
2031071936	P10111	20	女	2031/7/10	R51	101.35	232.57	333.92	0
2031071937	P10245	43	男	2031/7/11	K21.9	218.53	227.89	446.42	0
2031071938	P10679	52	女	2031/7/15	M54.5	236.21	400.85	637.06	0
2031071939	P10680	56	女	2031/7/16	J06.9	141.75	208.12	349.87	0
2031071940	P10681	31	男	2031/7/17	H10.9	126.22	244.58	370.8	0
2031071941	P10169	43	男	2031/7/20	R51	143.7	226.38	370.08	0
2031071942	P10682	30	女	2031/7/21	R51	181.19	245.21	426.41	0
2031071943	P10352	35	男	2031/7/22	H10.9	103.46	146.65	250.11	0
2031071944	P10217	55	女	2031/7/23	I10	361.28	599.13	960.41	1
2031071945	P10542	49	女	2031/7/24	R51	168.5	252.72	421.22	0
2031071946	P10606	25	男	2031/7/26	N94.6	142.34	324.82	467.16	0
2031071947	P10643	44	女	2031/7/27	R51	108.41	279.92	388.33	0
2031071948	P10683	24	男	2031/7/28	L30.9	101.28	122.76	224.04	0
2031071949	P10684	61	男	2031/7/29	M54.5	293.83	418.75	712.59	0
2031071950	P10461	64	女	2031/7/30	I20	448.5	576.05	1024.55	1
2031071951	P10560	20	女	2031/7/31	R51	91.47	252.25	343.72	0
2031081952	P10615	63	男	2031/8/1	M54.5	278	463.88	741.88	1
2031081953	P10241	20	男	2031/8/2	L30.9	75.01	187.97	262.98	0
2031081954	P10440	52	女	2031/8/3	I10	349.13	619.01	968.14	0
2031081955	P10265	52	男	2031/8/4	I10	273.97	399.76	673.73	1
2031081956	P10371	76	男	2031/8/5	I10	455.89	463.56	919.45	1
2031081957	P10160	20	女	2031/8/6	L30.9	100.06	90.45	190.51	0
2031081958	P10277	85	男	2031/8/7	R51	136.39	266.67	403.06	1
2031081959	P10477	56	女	2031/8/8	J06.9	105.97	240.7	346.68	0
2031081960	P10181	39	男	2031/8/9	J06.9	68.59	287.54	356.13	0
2031081961	P10685	54	男	2031/8/11	E11.9	460.66	468.56	929.22	1
2031081962	P10399	43	男	2031/8/15	K21.9	218.08	366.88	584.96	0
2031081963	P10636	52	女	2031/8/16	M54.5	322.97	476.52	799.49	0
2031081964	P10686	33	女	2031/8/19	N94.6	140.68	255.19	395.87	0
2031081965	P10193	66	男	2031/8/20	I10	306.33	673.82	980.14	1
2031081966	P10008	39	男	2031/8/21	R51	185.27	161.97	347.24	0
2031081967	P10120	26	女	2031/8/22	N94.6	137.03	288.97	426	0
2031081968	P10034	38	男	2031/8/23	K21.9	243.25	246.72	489.97	0
2031081969	P10110	57	男	2031/8/24	I10	282.14	639.31	921.45	1
2031081970	P10157	72	男	2031/8/25	E11.9	594.42	575.66	1170.09	1
2031081971	P10308	46	男	2031/8/26	J06.9	54.19	161.74	215.94	0
2031081972	P10538	20	男	2031/8/27	N94.6	166.64	245.26	411.9	0
2031081973	P10127	71	男	2031/8/28	I20	511.04	854.83	1365.87	1
2031081974	P10687	33	男	2031/8/29	H10.9	114.28	228.32	342.6	0
2031081975	P10305	59	男	2031/8/30	I10	307.4	634.26	941.66	1
2031081976	P10342	49	男	2031/8/31	E11.9	327.1	327.87	654.97	1
2031091977	P10489	73	男	2031/9/1	I10	421.61	491.39	913.01	1
2031091978	P10688	71	男	2031/9/2	I10	269.9	571.2	841.1	1
2031091979	P10018	20	男	2031/9/3	J06.9	110.59	112.8	223.39	0
2031091980	P10245	45	男	2031/9/4	R51	103.04	234.16	337.2	0
2031091981	P10193	20	男	2031/9/5	J06.9	66.41	167.35	233.76	0
2031091982	P10689	43	女	2031/9/6	I10	400.67	429.81	830.48	1
2031091983	P10128	35	女	2031/9/7	M54.5	195.97	410.52	606.5	1
2031091984	P10260	57	男	2031/9/8	M54.5	287.88	502.23	790.11	0
2031091985	P10042	74	男	2031/9/11	I20	526.5	601.34	1127.84	1
2031091986	P10690	32	男	2031/9/12	N94.6	158.58	329.71	488.29	0
2031091987	P10212	49	男	2031/9/13	J06.9	67.61	239.92	307.53	0
2031091988	P10691	45	女	2031/9/14	J06.9	71.91	232.69	304.59	0
2031091989	P10692	22	男	2031/9/15	J06.9	131.87	170.62	302.49	0
2031091990	P10062	45	女	2031/9/16	K21.9	234.36	246.79	481.15	0
2031091991	P10182	51	男	2031/9/17	J06.9	54.2	271.28	325.48	0
2031091992	P10660	72	女	2031/9/18	I20	510.61	880.62	1391.23	1
2031091993	P10226	58	女	2031/9/22	J06.9	69.05	279.26	348.31	0
2031091994	P10693	68	男	2031/9/23	I10	392.44	520.53	912.98	1
2031091995	P10318	44	男	2031/9/24	K21.9	156.11	319.7	475.81	0
2031091996	P10251	52	女	2031/9/25	K21.9	265.28	329.86	595.15	0
2031091997	P10188	44	女	2031/9/26	M54.5	352.4	306.69	659.09	0
2031091998	P10568	20	男	2031/9/27	J06.9	75.72	176.58	252.3	0
2031091999	P10436	63	女	2031/9/28	I20	625.42	753.58	1379.01	1
2031092000	P10694	51	女	2031/9/29	I10	310.56	378.62	689.18	1
